featid,tile,cells_5,tr_te_tri_5,tr_te_tpi_5,tr_te_roughness_5,tr_te_slope_5,tr_te_aspect_5
9731,3/4,40,0.09,0.01102,0.305428,1.253635,275.325183
9736,3/4,86,0.084821,-0.016996,0.2904,1.153274,194.556725
9742,3/4,59,0.124206,0.007052,0.370689,1.700112,264.761131
9743,3/4,209,0.164583,-0.009828,0.535532,2.313694,222.800482
9748,3/4,135,0.290762,0.038995,0.930684,4.042666,152.016407
9749,3/4,237,0.106605,-0.007734,0.324017,1.422968,153.751551
9750,3/4,377,0.071121,-0.004704,0.230093,1.041427,189.434688
9753,3/4,175,0.125815,0.014945,0.421153,1.76853,102.994942
9754,3/4,181,0.169602,-0.015043,0.538642,2.299407,141.160921
9757,3/4,121,0.201539,0.005327,0.621314,2.917344,177.545725
9758,3/4,87,0.239325,-0.01658,0.810574,3.427516,184.809645
9760,3/4,20,0.205279,-0.01743,0.696649,2.807428,242.905769
9765,3/4,562,0.043339,0.004605,0.144566,0.591835,221.083628
9766,3/4,246,0.109841,0.016334,0.34614,1.568685,198.747562
9767,3/4,37,0.344207,0.00203,1.062979,4.876812,192.22802
9768,3/4,416,0.116648,0.008145,0.39465,1.678672,125.044227
9769,3/4,2,0.223895,-0.129931,0.724623,2.66863,237.610128
9777,3/4,24,0.155964,-0.015808,0.485725,2.264317,114.992596
9784,3/4,257,0.142573,0.00338,0.45845,1.98512,177.769838
9785,3/4,23,0.088585,-0.003136,0.300107,1.198667,153.462474
9786,3/4,25,0.206683,-0.041765,0.620424,2.681751,128.381773
9790,3/4,39,0.092059,0.002885,0.315432,1.314386,237.816276
9791,3/4,26,0.177313,-0.021616,0.550406,2.428208,143.179271
9792,3/4,16,0.167942,0.010706,0.503692,2.398576,113.396554
9793,3/4,2,0.070489,-0.030813,0.207451,0.756319,53.236785
9800,3/4,5075,0.252715,0.002215,0.816379,3.563227,209.488756
9801,3/4,34,0.222684,0.001977,0.659798,2.753719,164.617268
9802,3/4,54,0.134167,0.002595,0.415334,1.694524,164.568719
9808,3/4,281,0.091827,-0.004076,0.288099,1.301794,148.343315
9809,3/4,715,0.170332,0.002457,0.539432,2.382188,137.932809
9810,3/4,31,0.136262,-0.015324,0.425532,1.878886,143.429203
9811,3/4,67,0.139016,-0.005738,0.439078,1.845006,227.612119
9812,3/4,92,0.120285,0.006721,0.367865,1.757984,75.922832
9817,3/4,4,0.039182,0.004959,0.132507,0.561494,68.944074
9818,3/4,52,0.160498,0.016528,0.529747,2.162726,181.219808
9819,3/4,89,0.182732,0.022916,0.584074,2.542349,143.98922
9820,3/4,13,0.195315,0.008264,0.611811,2.518509,178.458078
9825,3/4,142,0.074823,0.00043,0.224105,1.107551,175.086323
9826,3/4,36,0.116863,-0.016328,0.33463,1.643265,166.752415
9827,3/4,109,0.237456,0.024196,0.705485,3.173823,112.616035
9828,3/4,227,0.203358,0.00644,0.676984,2.851822,146.478809
9830,3/4,25,0.219126,-0.012519,0.632172,3.157336,102.223934
9831,3/4,50,0.219869,-0.009043,0.693364,2.941264,158.700422
9835,3/4,11,0.067752,0,0.186561,1.019451,182.845373
9837,3/4,130,0.215896,0.004696,0.691483,3.13873,126.934515
9838,3/4,125,0.244187,-0.011587,0.74079,3.253789,128.834985
9839,3/4,137,0.205127,0.005313,0.66511,2.937358,84.117649
9840,3/4,2,0.074724,0.042377,0.252289,0.975381,126.674332
9841,3/4,2,0.08994,0.081924,0.210251,0.662382,259.802198
9842,3/4,15,0.251858,-0.011532,0.762126,3.64681,106.728937
9843,3/4,48,0.324733,-0.018062,1.010076,4.704833,111.071554
9844,3/4,17,0.215418,-0.044635,0.685249,3.0592,115.026373
9851,3/4,82,0.102412,-0.008393,0.300389,1.505113,184.255457
9852,3/4,92,0.177024,-0.008013,0.584599,2.577511,157.944804
9853,3/4,28,0.075998,0.000461,0.218181,1.12338,176.243188
9854,3/4,12,0.068138,-0.000466,0.188498,1.024732,182.54935
9855,3/4,6,0.211304,0.004886,0.611052,3.114685,175.518713
9856,3/4,30,0.228517,-0.024994,0.813753,3.326118,81.592464
9857,3/4,389,0.198297,0.000227,0.641236,2.688035,126.54446
9858,3/4,17,0.071336,0.012904,0.248802,0.965691,227.781225
9859,3/4,4,0.138395,-0.065305,0.424637,1.909141,131.701091
9863,3/4,137,0.121023,0.010673,0.399288,1.710604,113.134951
9864,3/4,76,0.155292,0.024801,0.512614,2.227864,113.772712
9865,3/4,145,0.215217,-0.000572,0.762232,3.311529,118.202432
9866,3/4,13,0.161708,-0.063861,0.511334,1.862944,96.306666
9867,3/4,26,0.112719,-0.016022,0.392786,1.584953,137.612142
9868,3/4,4,0.092522,0.01701,0.378778,1.451612,139.13641
9869,3/4,24,0.089152,-0.011509,0.299681,1.148113,132.866521
9870,3/4,29,0.133471,0.020027,0.385343,1.827388,163.503169
9871,3/4,60,0.08822,-0.003095,0.286668,1.292584,188.043511
9873,3/4,245,0.235407,0.008161,0.728045,3.284057,171.442819
9875,3/4,30,0.078473,0.001734,0.271951,1.15365,117.616642
9876,3/4,25,0.313026,-0.007988,1.043237,4.571007,115.270223
9878,3/4,2,0.326806,-0.011044,1.030815,4.730904,73.224105
9879,3/4,5,0.47157,-0.007619,1.349651,6.948484,92.280908
9880,3/4,34,0.244889,0.004572,0.814311,3.494348,117.362678
9881,3/4,4,0.239713,0.00162,0.887014,3.645168,142.639954
9883,3/4,189,0.206154,-0.008512,0.612273,2.893498,127.445394
9884,3/4,22,0.322784,-0.032323,1.054187,4.386814,69.894748
9885,3/4,23,0.140503,0.016536,0.415151,2.021255,162.204756
9889,3/4,233,0.196156,0.000872,0.704682,2.932939,133.023921
9890,3/4,19,0.276319,0.056791,0.865171,3.956315,150.9361
9891,3/4,66,0.358238,0.022992,1.245986,5.335471,127.214728
9893,3/4,82,0.290247,-0.037734,0.893964,4.104284,91.435189
9894,3/4,1,0.186838,0.050215,0.751064,2.764196,134.938337
9895,3/4,45,0.070265,-0.010093,0.25235,1.009828,124.153777
9896,3/4,1,0.358782,-0.000814,0.978967,5.405443,92.029071
9897,3/4,31,0.221509,0.029742,0.647046,3.101447,140.650167
9899,3/4,9,0.09257,-0.006653,0.327242,1.388276,147.643326
9900,3/4,10266,0.19988,-0.001062,0.620661,2.857117,187.301013
9901,3/4,37,0.069798,-0.003238,0.229957,1.013367,139.191251
9902,3/4,2,0.115534,-0.014332,0.363102,1.716822,107.436087
9903,3/4,3,0.219278,-0.031522,0.690162,3.056283,78.529729
9904,3/4,150,0.203285,-0.013715,0.655369,2.8746,137.429027
9905,3/4,156,0.167015,-0.000936,0.535362,2.247456,152.563744
9906,3/4,41,0.098297,-0.03222,0.309716,1.300961,111.305122
9907,3/4,246,0.105628,-0.002473,0.346307,1.420378,216.152792
9908,3/4,23,0.184562,0.016895,0.590807,2.489681,110.057217
9909,3/4,169,0.407869,-0.020879,1.30652,5.309355,158.90194
9910,3/4,30,0.07446,0.000681,0.238667,1.081657,161.497742
9911,3/4,8,0.309642,-0.021925,1.084165,4.59084,120.458206
9912,3/4,78,0.171724,-0.008162,0.605156,2.525076,110.743876
9914,3/4,6,0.531451,0.018587,1.645547,7.760972,102.840255
9915,3/4,36,0.174415,0.024802,0.561501,2.373382,215.259549
9916,3/4,27,0.128687,0.028757,0.411187,1.686551,209.440877
9917,3/4,46,0.130711,-0.003121,0.41658,1.782003,216.547502
9918,3/4,9,0.071092,0.029026,0.18192,0.808018,272.148709
9919,3/4,3,0.157758,0,0.488317,2.290335,165.307034
9920,3/4,5064,0.240873,-0.002547,0.767086,3.286833,187.294061
9921,3/4,7,0.07022,-0.00789,0.245523,1.036731,153.561778
9922,3/4,39,0.076607,0.000157,0.251864,1.112077,158.438586
9923,3/4,38,0.299689,-0.030528,1.074332,4.457197,131.386129
9924,3/4,8,0.207968,0.019227,0.658001,2.890408,115.043462
9925,3/4,29,0.169883,-0.045255,0.497102,2.319953,222.203235
9926,3/4,24,0.116574,0.014219,0.387868,1.751539,65.977578
9927,3/4,26,0.205996,-0.004227,0.609589,2.96411,110.55164
9928,3/4,30,0.159558,0.004159,0.529357,2.094719,140.205544
9929,3/4,116,0.081123,-0.001648,0.254423,1.18203,163.340228
9930,3/4,22,0.077335,0.000114,0.25439,1.122758,158.388232
9931,3/4,7,0.366161,-0.035152,1.24825,5.357029,118.819324
9932,3/4,114,0.12389,0.001451,0.384909,1.650057,232.650531
9934,3/4,173,0.204449,-0.00826,0.64777,2.811494,161.235415
9936,3/4,78,0.061354,0.010298,0.198269,0.778513,246.041892
9937,3/4,24,0.133006,0.016697,0.401979,1.480565,199.354608
9938,3/4,35,0.054978,-0.004035,0.181882,0.781869,210.601678
9939,3/4,39,0.207567,0.043862,0.723188,2.853924,255.569236
9940,3/4,3,0.066958,-0.010943,0.236781,0.991339,151.197137
9941,3/4,26,0.077392,-0.001379,0.254274,1.121996,158.916863
9942,3/4,3,0.405564,-0.006864,1.432091,5.984332,120.103442
9943,3/4,19,0.152191,-0.012291,0.575174,2.347011,140.319957
9944,3/4,132,0.242799,0.005524,0.794669,3.428598,133.85907
9945,3/4,33,0.212683,-0.002143,0.646035,2.878468,213.256865
9946,3/4,84,0.04349,-0.007391,0.143002,0.606915,159.899481
9947,3/4,508,0.334348,0.038762,1.097479,4.711016,235.295924
9948,3/4,367,0.281604,-0.011324,0.947965,3.952431,268.872474
9949,3/4,59,0.152077,0.043584,0.511793,2.129328,175.633314
9950,3/4,6,0.357476,0.034239,1.248677,5.309755,121.533459
9951,3/4,174,0.352821,-0.009277,1.153875,4.922588,102.265523
9952,3/4,71,0.200074,0.012742,0.666891,2.895951,122.681971
9953,3/4,61,0.036604,-0.001864,0.120149,0.486474,127.496418
9954,3/4,47,0.694725,0.004629,2.256511,10.031916,118.400178
9955,3/4,468,0.346093,-0.068155,1.184793,4.654684,172.6375
9956,3/4,1,0.207993,-0.178685,0.522367,1.60632,292.157706
9957,3/4,555,0.174988,0.010403,0.55527,2.40755,244.957386
9958,3/4,350,0.075665,-0.000344,0.266449,1.133635,202.685988
9959,3/4,3,0.077851,0,0.256059,1.130042,158.37853
9960,3/4,2,0.197689,0.077296,0.790073,2.875115,172.698604
9961,3/4,85,0.150197,-0.000046,0.494424,2.182608,116.856631
9962,3/4,107,0.133046,0.000317,0.423462,1.772447,128.901095
9963,3/4,99,0.149543,0.003862,0.453844,2.162763,146.617104
9964,3/4,33,0.142514,0.000262,0.431124,2.063937,279.940187
9965,3/4,185,0.138998,-0.005149,0.442002,1.99872,116.654897
9966,3/4,394,0.100742,0.007908,0.339278,1.401166,145.322471
9967,3/4,903,0.320613,0.042112,1.07802,4.490766,161.536017
9968,3/4,7,0.557185,0.053903,1.867063,7.986647,135.255539
9969,3/4,41,0.87048,0.178154,3.038207,12.855285,312.284493
9970,3/4,221,0.083855,0.008564,0.271931,1.159637,200.896482
9971,3/4,361,0.090776,0.002578,0.303124,1.320222,204.947323
9972,3/4,204,0.306391,0.026495,0.951825,4.093229,164.01029
9973,3/4,30,0.150602,0.048075,0.545087,2.215764,184.312
9974,3/4,13,0.968372,-0.075587,2.897662,13.63691,99.534339
9975,3/4,302,0.280899,-0.036627,0.918386,3.932546,149.730374
9976,3/4,179,0.137889,-0.008734,0.43423,1.876299,196.000971
9977,3/4,18,0.243958,0.059893,0.70188,3.356519,237.992416
9978,3/4,1,0.192823,0.062289,0.528368,2.480877,197.290629
9979,3/4,1,0.035863,0,0.121952,0.523879,115.576903
9980,3/4,33,0.037896,-0.003694,0.128265,0.540724,110.081032
9981,3/4,256,0.096639,-0.003833,0.301703,1.3548,147.687436
9982,3/4,74,0.150427,-0.016075,0.531845,2.199906,108.930359
9983,3/4,63,0.167915,-0.03266,0.52737,2.269979,205.986403
9984,3/4,12,0.083186,-0.000148,0.253509,1.211823,347.038136
9985,3/4,236,0.095434,0.005138,0.299449,1.285112,181.482502
9986,3/4,66,0.042166,-0.002583,0.145779,0.598757,234.501177
9987,3/4,91,0.14786,-0.010371,0.520524,2.113328,304.575021
9988,3/4,96,0.172236,-0.030874,0.634138,2.460474,281.265409
9989,3/4,156,0.19313,0.038436,0.68016,2.790686,118.002494
9990,3/4,19,0.03299,-0.007594,0.106834,0.47576,143.327923
9991,3/4,116,0.171545,-0.005346,0.55789,2.466587,189.998966
9992,3/4,12,0.275635,-0.097607,0.809803,3.044116,237.717303
9993,3/4,6,0.214675,0.000519,0.751621,3.10114,138.171892
9994,3/4,42,0.168943,0.013013,0.526537,2.406619,182.515719
9995,3/4,19,0.266705,-0.032961,0.796311,3.864844,175.049373
9996,3/4,2,0.148104,-0.074644,0.45645,2.054045,177.068011
9997,3/4,48,0.03262,-0.004299,0.101999,0.427409,158.435626
9998,3/4,3,0.044538,-0.013631,0.170699,0.676528,166.992725
9999,3/4,36,0.138053,0.025978,0.503509,1.984852,108.346302
10001,3/4,6,0.145851,-0.012614,0.421036,2.019478,180.713852
10003,3/4,211,0.072689,-0.004867,0.245147,1.017449,232.047868
10004,3/4,175,0.109604,-0.003721,0.345726,1.585959,195.833415
10005,3/4,214,0.250755,0.016065,0.777462,3.320822,216.044913
10006,3/4,22,0.083705,-0.005322,0.266635,1.16986,339.683456
10007,3/4,5,0.105754,-0.050888,0.348156,1.218256,305.828938
10008,3/4,155,0.174502,-0.015612,0.56017,2.46989,261.960106
10009,3/4,286,0.340986,-0.008059,1.087885,4.912835,122.781357
10010,3/4,90,0.071615,0.032823,0.228018,0.950518,168.1116
10011,3/4,85,0.572715,-0.014248,1.647319,7.730064,125.584228
10012,3/4,364,0.311495,0.027351,1.030111,4.489065,116.181166
10013,3/4,457,0.088377,0.001141,0.272631,1.295615,177.553348
10014,3/4,44,0.223693,0.105958,0.655358,3.191463,176.850766
10015,3/4,26,0.082825,-0.008952,0.287856,1.179323,118.092398
10017,3/4,52,0.365117,-0.063567,1.101461,4.96118,133.544598
10018,3/4,3,0.345317,0.021461,1.005248,4.996527,191.251764
10019,3/4,160,0.049942,0.00258,0.142509,0.69289,186.139466
10020,3/4,18,0.055828,-0.000947,0.178648,0.764995,157.20569
10021,3/4,130,0.09867,0.00127,0.320146,1.395035,135.481536
10022,3/4,116,0.190583,-0.019437,0.563364,2.697291,121.22647
10023,3/4,363,0.094416,0.0014,0.290574,1.232769,239.368213
10024,3/4,93,0.092053,-0.007565,0.326656,1.316281,201.92518
10025,3/4,33,0.303984,-0.017661,1.045031,4.271012,195.234991
10026,3/4,330,0.090401,-0.025121,0.31421,1.224635,153.866104
10027,3/4,190,0.124041,0.015563,0.425381,1.667078,244.107843
10028,3/4,13,0.514046,-0.067075,1.405366,6.91612,299.765163
10029,3/4,49,0.16024,-0.026769,0.57826,2.266954,285.704952
10030,3/4,189,0.239316,0.022727,0.762226,3.494147,129.735898
10031,3/4,264,0.180754,0.033872,0.613636,2.59039,95.657672
10032,3/4,40,0.619895,0.010187,1.843572,8.71748,104.718657
10033,3/4,131,0.335326,-0.057644,1.15011,4.859986,119.539483
10034,3/4,23,0.039724,0.007432,0.139183,0.507058,144.58889
10035,3/4,231,0.286782,-0.003817,0.925067,4.150769,112.349139
10036,3/4,214,0.356346,-0.006785,1.091905,4.943245,142.186095
10037,3/4,3,0.043862,-0.007676,0.165355,0.677137,222.58295
10038,3/4,21,0.065367,0.020867,0.261233,0.928574,192.194676
10039,3/4,113,0.128457,0.007314,0.402801,1.837384,169.677545
10040,3/4,7,0.085315,-0.007319,0.260019,1.152105,122.702559
10041,3/4,14,0.156276,-0.033653,0.523919,2.191587,167.951469
10042,3/4,14,0.188442,-0.002031,0.649706,2.725973,132.575335
10043,3/4,79,0.095622,-0.003226,0.281,1.399205,180.773942
10044,3/4,837,0.228817,-0.004179,0.765305,3.166382,204.502894
10045,3/4,166,0.145544,0.014303,0.485681,1.997844,163.770574
10046,3/4,170,0.196041,0.002144,0.542541,2.881788,225.655657
10048,3/4,63,0.451542,0.006023,1.584745,6.612964,131.704669
10049,3/4,174,0.2924,-0.01542,1.061934,4.361073,128.040136
10050,3/4,9,0.672468,-0.138389,2.290362,9.932356,128.688763
10051,3/4,30,0.567227,-0.006156,1.807288,8.041035,97.659047
10052,3/4,518,0.168428,0.000445,0.510763,2.326979,150.47063
10053,3/4,22,0.192654,0.037143,0.66276,2.761729,123.920399
10054,3/4,47,0.227713,-0.032585,0.730543,3.157494,161.313363
10055,3/4,446,0.090512,-0.00331,0.285927,1.314104,157.683731
10056,3/4,25,0.157338,0.014143,0.47673,2.283921,176.199146
10057,3/4,265,0.084045,0.000366,0.272705,1.228061,136.552768
10058,3/4,278,0.079401,0.003763,0.249633,1.113802,237.069492
10059,3/4,174,0.084109,-0.000799,0.239787,1.255233,176.871405
10060,3/4,654,0.286041,0.061156,0.909047,3.962771,133.885779
10061,3/4,114,0.111494,0.004741,0.38006,1.544673,184.689273
10062,3/4,3318,0.265971,-0.008786,0.852954,3.685839,136.86617
10063,3/4,40,0.495804,0.017606,1.408876,6.929857,268.66615
10064,3/4,13,0.370079,-0.019087,1.36892,5.601564,138.679629
10065,3/4,6,0.423448,-0.029404,1.488613,6.244475,126.891457
10066,3/4,285,0.145238,-0.005153,0.445328,2.087214,156.949137
10067,3/4,47,0.130803,-0.012358,0.520355,2.061363,136.401499
10068,3/4,213,0.237883,-0.025758,0.787074,3.478398,117.15672
10069,3/4,112,0.143976,-0.000263,0.484955,1.961866,183.140749
10070,3/4,24,0.422778,0.037007,1.355138,5.842672,148.323882
10071,3/4,221,0.126378,-0.000655,0.378251,1.808044,129.434261
10072,3/4,5,0.110922,-0.017085,0.408919,1.657878,172.25221
10073,3/4,2,0.088359,0.01859,0.328953,1.368564,137.966506
10074,3/4,6,0.109403,0.005465,0.347107,1.558904,156.986454
10075,3/4,33,0.071837,0.021229,0.216311,1.006444,142.400385
10076,3/4,6,0.210813,0.054008,0.630085,3.046658,105.069626
10077,3/4,132,0.163312,-0.01366,0.511776,2.298981,151.053835
10078,3/4,242,0.097275,0.000984,0.311673,1.407842,172.023226
10079,3/4,26,0.140993,-0.000539,0.455228,1.906012,231.659719
10080,3/4,13,0.088766,-0.00548,0.25972,1.093566,162.405428
10081,3/4,22,0.275004,-0.064171,0.869621,3.778392,91.497483
10082,3/4,409,0.422638,-0.001191,1.353556,6.014284,242.725239
10083,3/4,3,0.386685,-0.004479,1.050927,5.84247,271.265751
10084,3/4,1,0.801127,-0.643572,2.680812,12.005133,227.932171
10085,3/4,784,0.146666,0.026223,0.495675,2.050153,170.853117
10086,3/4,13,0.191176,0.053684,0.663122,2.711189,208.657001
10087,3/4,26,0.052534,0.009784,0.178446,0.730632,296.264454
10088,3/4,122,0.258069,0.020799,0.708775,3.713016,300.406687
10089,3/4,26,0.352298,0.152685,1.199917,4.873284,93.436354
10090,3/4,124,0.330953,0.007672,1.112009,4.632259,119.015853
10091,3/4,10,0.621262,-0.1569,2.032821,7.918476,135.439031
10092,3/4,50,0.071159,0.004657,0.223217,1.067995,158.841543
10093,3/4,142,0.190704,-0.007364,0.635101,2.796198,150.986931
10094,3/4,27,0.266885,0.000434,0.892763,3.768991,155.917315
10095,3/4,30,0.095259,-0.018855,0.290288,1.289008,211.979424
10096,3/4,44,0.084311,0.001048,0.28566,1.141785,230.967692
10097,3/4,58,0.119666,0.003196,0.4491,1.864756,235.035909
10098,3/4,101,0.184702,0.015851,0.581635,2.634011,140.360759
10099,3/4,154,0.084461,-0.003569,0.267961,1.174635,215.489291
10100,3/4,2,0.147022,-0.047675,0.485522,2.134506,138.844037
10101,3/4,31,0.148538,-0.017623,0.476349,2.108572,140.119432
10102,3/4,294,0.099625,-0.004928,0.309303,1.407456,183.273904
10103,3/4,73,0.10066,-0.002285,0.315529,1.442,192.054057
10104,3/4,408,0.116151,0.003063,0.397741,1.674737,174.195494
10105,3/4,8,1.105198,-0.127317,3.144677,15.316888,84.498367
10106,3/4,8,0.687343,-0.275191,2.332523,9.619836,222.245663
10107,3/4,7,0.645691,0.095013,1.710615,9.064956,213.652353
10108,3/4,2,0.5914,-0.321853,1.760435,8.248626,231.552714
10109,3/4,106,0.093741,0.003658,0.274411,1.33714,184.424534
10110,3/4,26,0.059871,0.011553,0.187797,0.87307,351.574372
10111,3/4,84,0.122384,0.00002,0.406101,1.792197,131.6792
10112,3/4,47,0.239467,0.014914,0.819411,3.556685,148.529931
10113,3/4,102,0.055459,0.002014,0.193166,0.824293,134.770744
10114,3/4,212,0.090737,-0.002154,0.27615,1.310028,174.889666
10115,3/4,190,0.105185,-0.001053,0.3647,1.543717,183.440853
10116,3/4,362,0.054331,-0.002064,0.179082,0.75936,174.004377
10117,3/4,3,0.097931,0.027456,0.265286,1.368296,143.487169
10118,3/4,417,0.094116,-0.001054,0.305851,1.380565,172.85087
10119,3/4,4,0.946609,0.586404,2.539718,13.691663,84.79636
10120,3/4,2,0.554331,0.009901,1.773047,8.211215,78.565425
10121,3/4,4,0.564311,-0.093864,1.640472,8.411984,82.786353
10122,3/4,32,0.32397,-0.15756,1.245664,4.605976,241.804381
10123,3/4,5,0.301566,-0.2105,1.170475,3.921756,263.171562
10124,3/4,18,0.541736,-0.109956,1.800472,7.368603,218.265389
10125,3/4,154,0.085693,0.015413,0.28633,1.215608,151.297407
10126,3/4,1,0.668603,0.03371,2.375282,9.465825,245.187534
10127,3/4,112,0.044782,0.00239,0.146279,0.608169,109.806816
10128,3/4,77,0.148502,-0.004959,0.405762,2.120093,167.936271
10129,3/4,114,0.138359,-0.000367,0.37877,2.052194,139.362505
10130,3/4,15,0.27677,-0.0176,0.983307,4.16719,125.893145
10131,3/4,105,0.246948,-0.003285,0.82967,3.427632,117.103496
10132,3/4,65,0.129566,-0.018345,0.393397,1.679231,168.274725
10133,3/4,20,0.140011,0.003025,0.506291,2.102274,214.253679
10134,3/4,341,0.092431,0.003177,0.32384,1.371178,180.414032
10135,3/4,29,0.03341,-0.010108,0.120958,0.489918,115.359367
10136,3/4,83,0.071475,0.002447,0.21062,1.044796,141.518037
10137,3/4,15,0.057699,-0.001691,0.210091,0.859211,230.421783
10138,3/4,1213,0.403313,-0.004741,1.349023,5.655339,144.588881
10139,3/4,274,0.39464,0.023804,1.363147,5.643615,212.325681
10140,3/4,30,0.430825,0.049914,1.391886,5.965324,175.845933
10141,3/4,217,0.098929,0.000487,0.326129,1.428654,93.521165
10142,3/4,5,0.463413,-0.170891,1.532865,6.768366,213.082406
10143,3/4,20,0.047533,-0.000004,0.154123,0.672869,99.907355
10144,3/4,111,0.036159,-0.003413,0.117239,0.521763,132.875409
10145,3/4,18,0.090685,0.000383,0.293373,1.30123,151.209128
10146,3/4,18,0.043676,0.011637,0.132704,0.610096,108.539476
10147,3/4,3,0.050704,0.020503,0.152858,0.682159,104.525615
10148,3/4,209,0.07569,0.00691,0.246642,1.115396,161.045926
10149,3/4,191,0.081139,-0.000203,0.273504,1.209086,179.603379
10150,3/4,48,0.071384,-0.00087,0.237877,1.041795,212.406612
10151,3/4,4,0.113927,0.002111,0.403524,1.693076,149.992626
10152,3/4,24,0.254268,0.066363,0.878023,3.530837,150.845747
10153,3/4,216,0.064796,-0.004625,0.195175,0.914176,167.346849
10154,3/4,341,0.204756,-0.002315,0.672605,2.981892,195.727544
10155,3/4,93,0.098512,-0.005048,0.3202,1.452244,100.894541
10156,3/4,70,0.061669,0.001733,0.227038,0.923433,130.131717
10158,3/4,22,0.066982,-0.003719,0.235784,0.996475,115.913952
10159,3/4,1,0.054859,-0.006437,0.173807,0.783765,75.646798
10160,3/4,42,0.011674,-0.001109,0.033939,0.171271,350.487133
10161,3/4,240,0.356799,0.000106,0.975967,5.088856,207.338965
10162,3/4,45,0.046886,-0.008311,0.153164,0.64051,127.250492
10163,3/4,77,0.079709,-0.004014,0.267892,1.126692,144.71404
10164,3/4,37,0.059039,0.001998,0.197237,0.830075,108.25814
10165,3/4,78,0.068702,0.003733,0.216225,0.972631,165.014728
10166,3/4,70,0.07305,-0.004924,0.229209,1.066718,218.083552
10167,3/4,260,0.050102,-0.000466,0.157756,0.734085,130.876907
10168,3/4,158,0.091272,0.010363,0.308558,1.313613,159.38539
10169,3/4,90,0.209654,-0.002512,0.738169,3.096461,156.134211
10170,3/4,372,0.100914,-0.000996,0.325853,1.503855,161.70962
10171,3/4,10,0.151916,0.003897,0.444093,2.008324,126.846609
10172,3/4,31,0.082799,0.006692,0.2891,1.195111,177.323551
10173,3/4,49,0.099827,0.0013,0.347078,1.457636,150.006821
10174,3/4,299,0.407109,-0.001908,1.342091,5.596465,217.201148
10175,3/4,267,0.125443,-0.003672,0.442032,1.862324,176.007309
10176,3/4,1,0.097441,0,0.314756,1.412357,109.516759
10177,3/4,24,0.067454,-0.006304,0.211288,0.969506,153.968876
10178,3/4,5,0.080552,0.00104,0.252383,1.169963,164.022087
10179,3/4,35,0.030243,0.002347,0.094583,0.421026,83.358154
10180,3/4,104,0.136965,-0.008451,0.46142,1.967395,167.868869
10181,3/4,30,0.07891,-0.003001,0.215214,1.194548,91.899295
10182,3/4,121,0.077453,-0.000788,0.266283,1.137436,152.058043
10183,3/4,2,0.065503,-0.011944,0.225324,0.958469,114.742333
10184,3/4,26,0.013079,0.001104,0.039112,0.192692,350.971609
10185,3/4,328,0.061999,-0.001995,0.198257,0.917458,217.617814
10186,3/4,169,0.045315,-0.001226,0.165093,0.682748,134.058332
10187,3/4,433,0.047513,0.001131,0.156072,0.688841,110.817177
10188,3/4,4,0.072934,0.02347,0.222264,0.910796,144.487187
10189,3/4,1,0.093019,0.05569,0.217201,0.962014,219.108243
10190,3/4,120,0.08789,-0.001318,0.272192,1.144335,169.226304
10191,3/4,176,0.236531,-0.079419,0.764608,3.160671,203.135992
10192,3/4,3,0.041461,-0.002003,0.131071,0.591855,162.616421
10193,3/4,9,0.079878,-0.000026,0.246164,1.161031,165.809788
10195,3/4,977,0.798815,-0.008079,2.743616,11.277873,213.4908
10196,3/4,180,0.107605,-0.03193,0.366691,1.591952,205.055254
10197,3/4,98,0.061409,0.003913,0.174138,0.90332,169.834871
10198,3/4,218,0.056714,0.000341,0.185716,0.825546,116.378097
10199,3/4,220,0.068067,-0.00451,0.199115,1.005997,165.877572
10200,3/4,144,0.087242,0.000113,0.291535,1.276755,117.537551
10201,3/4,108,0.088362,0.00339,0.303787,1.291871,138.656075
10202,3/4,27,0.070562,-0.001177,0.261656,1.074214,126.036183
10203,3/4,57,0.028155,-0.004543,0.084856,0.38345,276.74596
10204,3/4,93,0.052154,-0.006052,0.148636,0.758506,262.001979
10205,3/4,108,0.042959,0.003622,0.145127,0.6301,244.690926
10206,3/4,23,0.049487,0.000559,0.158942,0.70643,198.408018
10207,3/4,813,0.412835,0.001123,1.3859,5.721563,173.774372
10208,3/4,320,0.13414,0.011199,0.451395,1.881656,149.613561
10209,3/4,6,0.06627,0.004351,0.208054,0.9652,165.04734
10210,3/4,2,0.074922,-0.005613,0.239612,1.088441,162.452412
10211,3/4,88,0.101812,-0.010868,0.310057,1.482625,168.133045
10212,3/4,123,0.195759,0.045055,0.618804,2.822088,178.18311
10213,3/4,53,0.01848,-0.000716,0.061018,0.248218,82.74529
10214,3/4,89,0.071898,0.000188,0.196347,1.085867,178.547034
10215,3/4,151,0.0411,-0.001412,0.120986,0.606391,182.941362
10216,3/4,120,0.071278,-0.001656,0.237783,1.062509,121.536692
10217,3/4,78,0.058005,0.002971,0.2226,0.903695,140.283588
10218,3/4,90,0.065996,-0.005101,0.246033,1.011284,136.408846
10219,3/4,70,0.075082,-0.002466,0.25238,1.117902,169.655579
10220,3/4,25,0.013448,0.005212,0.051091,0.204019,265.303858
10221,3/4,128,0.044059,-0.004218,0.135582,0.660201,159.631684
10222,3/4,62,0.030881,-0.002832,0.104894,0.463837,109.731788
10223,3/4,23,0.044639,0.001753,0.164452,0.677107,131.455891
10224,3/4,22,0.048274,0.001233,0.180105,0.734903,142.478236
10225,3/4,23,0.027617,0.002663,0.083829,0.393074,94.307351
10226,3/4,68,0.044908,0.00118,0.13501,0.640497,101.238492
10227,3/4,220,0.160026,0.001429,0.52734,2.14837,190.72365
10228,3/4,2248,0.177745,-0.039611,0.587969,2.418706,177.861801
10229,3/4,738,0.249423,-0.008244,0.802456,3.533117,233.441218
10230,3/4,100,0.327851,-0.005541,0.983937,4.760491,182.208016
10231,3/4,5,0.077117,-0.001785,0.242155,1.121146,163.852886
10232,3/4,24,0.298218,0.001022,0.933331,4.342004,170.379336
10233,3/4,93,0.040889,0.000142,0.126988,0.588023,155.076933
10234,3/4,21,0.078151,-0.002252,0.232415,1.147415,190.023626
10235,3/4,68,0.087519,0.00039,0.256648,1.286291,179.658675
10236,3/4,49,0.08053,0.000629,0.248132,1.16923,194.393276
10237,3/4,93,0.039913,0.000893,0.126348,0.582604,160.733708
10238,3/4,21,0.081065,0,0.312933,1.270933,139.14057
10239,3/4,25,0.070506,-0.008006,0.211354,1.029581,175.026705
10240,3/4,104,0.013988,-0.002453,0.0419,0.199687,243.117452
10241,3/4,81,0.044945,-0.000556,0.153074,0.651788,178.414159
10242,3/4,26,0.022733,-0.000051,0.061982,0.344393,271.141492
10243,3/4,577,0.225652,-0.03619,0.729201,3.119508,227.212897
10244,3/4,1487,1.674911,-0.054588,5.440578,22.532651,238.989388
10245,3/4,350,0.160361,-0.000324,0.529782,2.228628,144.492969
10246,3/4,217,0.093209,0.009139,0.309352,1.318804,188.217573
10247,3/4,362,0.225811,0.006313,0.783716,3.253821,137.652282
10248,3/4,72,0.287114,0.005265,0.992607,4.005687,92.375862
10249,3/4,60,0.077196,-0.006699,0.25726,1.08268,137.780495
10250,3/4,394,0.275743,-0.003391,0.883457,3.928267,189.643587
10251,3/4,158,0.662392,-0.050726,2.299069,9.55294,224.340988
10252,3/4,68,0.304463,0.033021,0.975572,4.190199,159.332523
10253,3/4,4,0.416892,-0.00109,1.208172,6.118898,188.109072
10254,3/4,111,0.059108,-0.000752,0.19311,0.884497,195.070522
10255,3/4,14,0.07347,0.000904,0.225287,1.069292,193.563002
10256,3/4,15,0.068855,-0.004303,0.205267,1.014676,183.383278
10257,3/4,151,0.0894,-0.001904,0.273927,1.302049,168.244263
10258,3/4,19,0.033931,-0.005886,0.116492,0.487957,193.58662
10259,3/4,115,0.031457,-0.001458,0.104659,0.474242,245.858661
10260,3/4,117,0.048187,-0.001081,0.166804,0.692587,197.596217
10261,3/4,4,1.069479,-0.274872,3.556545,15.211207,207.721137
10262,3/4,24,0.053152,0.009192,0.183458,0.779458,140.345205
10263,3/4,3,0.045023,0.01167,0.150947,0.660473,116.520961
10264,3/4,32,0.040185,0.000646,0.114544,0.598179,96.001173
10265,3/4,77,0.178777,-0.016628,0.623165,2.542286,108.974501
10266,3/4,1,0.387937,-0.049458,1.318946,5.595571,159.606813
10267,3/4,27,0.297031,0.010078,1.051985,4.333162,140.924777
10268,3/4,95,0.289934,0.010312,0.982983,4.251546,132.054081
10269,3/4,240,0.165729,0.005988,0.523014,2.373508,191.813222
10270,3/4,27,0.070293,-0.013768,0.243054,0.998059,125.507102
10271,3/4,24,0.24506,0.01065,0.817075,3.355128,177.611883
10272,3/4,262,0.473738,0.015212,1.514806,6.575111,130.696887
10273,3/4,389,0.844051,-0.053452,2.687308,11.355689,146.725182
10274,3/4,547,0.778108,-0.00177,2.513277,10.666006,247.696803
10275,3/4,938,0.83707,-0.005009,2.569877,11.762249,255.534697
10276,3/4,199,0.799342,-0.001108,2.75011,11.619973,238.168765
10277,3/4,138,0.070113,0.000488,0.216096,1.027857,194.576034
10278,3/4,150,0.067883,0.000632,0.212755,0.996532,196.940289
10279,3/4,7,0.074953,0.002245,0.231065,1.088829,194.435849
10280,3/4,165,0.077994,0.001862,0.236095,1.141959,182.008671
10281,3/4,66,0.04314,-0.001357,0.156361,0.653067,187.148928
10282,3/4,139,0.085817,-0.001061,0.267958,1.245681,164.544346
10283,3/4,22,0.035235,-0.002532,0.121839,0.500669,156.83435
10284,3/4,46,1.425505,0.057681,3.910713,18.74269,225.288052
10285,3/4,141,0.29955,-0.004243,0.973095,4.1208,100.829544
10286,3/4,7,0.107632,-0.015907,0.408148,1.655505,43.623236
10287,3/4,32,0.090927,0.00173,0.320424,1.336824,117.857419
10288,3/4,15,0.254817,0.029425,0.913524,3.778883,131.632674
10289,3/4,39,0.219417,0.000881,0.711865,3.12185,120.675314
10290,3/4,17,0.048812,0.002842,0.170336,0.704127,297.957133
10291,3/4,18,0.102523,0.031244,0.32331,1.260455,238.852109
10292,3/4,588,0.14701,-0.000401,0.468307,2.089194,167.280961
10293,3/4,245,0.245934,0.005701,0.820714,3.622455,170.441995
10294,3/4,48,0.51898,0.147548,1.708202,6.97214,132.342544
10295,3/4,173,0.349835,-0.007795,1.133251,4.724384,223.042269
10296,3/4,6,1.48472,-0.398981,5.556456,20.9117,139.540546
10297,3/4,951,0.138242,-0.002835,0.444251,1.892519,201.001225
10298,3/4,251,0.232639,0.036969,0.690399,3.297235,241.082245
10299,3/4,73,0.194514,0.031173,0.579238,2.790655,195.053276
10300,3/4,110,0.370261,-0.020932,1.280242,5.451516,227.233899
10301,3/4,440,1.816105,-0.016369,6.186889,24.584601,228.766426
10302,3/4,190,1.812738,-0.173944,5.637394,23.471604,225.417316
10304,3/4,189,0.102467,-0.003273,0.322225,1.488581,188.222193
10305,3/4,3,0.067927,-0.031969,0.219617,0.97343,172.527343
10306,3/4,7,0.033081,0.002374,0.118866,0.497443,136.523038
10307,3/4,1,0.045467,0.001917,0.177607,0.715049,229.716791
10308,3/4,122,0.040548,-0.000494,0.130248,0.564056,190.213934
10309,3/4,1568,1.132819,0.058857,3.572808,14.932539,206.09408
10310,3/4,16,0.313567,-0.008635,0.927356,4.621484,100.995847
10311,3/4,284,0.40917,-0.062546,1.365898,5.823361,131.991303
10312,3/4,48,0.076843,-0.011655,0.261059,1.051982,255.421532
10313,3/4,16,0.067908,0.008565,0.213253,0.996341,168.375528
10314,3/4,102,0.022271,-0.000422,0.084948,0.33491,118.252074
10315,3/4,5,2.041148,0.024513,7.054429,27.829543,147.582208
10316,3/4,37,0.231076,0.049084,0.796492,3.121667,204.870682
10317,3/4,185,0.233353,0.052023,0.738516,3.257807,242.495041
10318,3/4,1014,0.146245,0.002608,0.475464,2.052961,211.606749
10319,3/4,3,0.277966,0.03073,0.808575,4.167541,273.249278
10320,3/4,1331,0.908821,0.039006,2.780196,12.682529,216.331467
10321,3/4,1073,0.552925,0.014183,1.807152,7.630341,172.753464
10322,3/4,104,0.081191,-0.002649,0.270579,1.18862,201.554698
10323,3/4,16,0.033781,-0.010384,0.117109,0.462631,151.259189
10324,3/4,6,0.043177,-0.006291,0.160958,0.647406,226.209384
10325,3/4,41,0.276841,-0.051059,0.821318,3.717493,112.228708
10326,3/4,7,0.093625,0.053702,0.378782,1.329182,180.628617
10327,3/4,65,0.736463,0.071741,2.304882,10.377944,117.371317
10328,3/4,76,0.308736,-0.03975,0.983863,4.070792,151.374816
10329,3/4,747,0.439327,-0.002907,1.472306,6.042824,154.183012
10330,3/4,140,0.114558,0.012606,0.372725,1.644976,193.989838
10331,3/4,88,0.446431,-0.039437,1.41867,6.310136,270.811507
10332,3/4,268,1.598343,0.049381,4.775887,21.968038,274.453003
10333,3/4,32,0.387225,0.08782,1.358814,5.611414,179.74612
10334,3/4,105,1.932754,0.131469,6.185148,25.099114,180.201392
10335,3/4,963,0.316117,0.00547,1.007644,4.496249,169.337548
10336,3/4,110,0.255079,-0.031013,0.770491,3.646413,168.776369
10337,3/4,78,0.468857,-0.028668,1.406189,6.134243,226.901177
10338,3/4,40,0.47584,-0.001655,1.467771,6.467266,248.497229
10339,3/4,33,0.097768,0.001375,0.311022,1.401437,202.416267
10340,3/4,17,0.076371,-0.028402,0.280134,1.121597,128.356375
10341,3/4,187,0.356552,0.01064,1.220701,5.229532,142.871355
10342,3/4,106,0.293153,0.019297,0.89846,4.219407,80.788789
10343,3/4,51,0.20006,0.036056,0.693148,2.738425,161.550178
10344,3/4,55,0.168191,-0.001666,0.564924,2.312072,212.895699
10345,3/4,199,0.078306,-0.000875,0.269524,1.135198,221.197828
10346,3/4,13,0.360189,0.028947,1.091022,5.022273,100.459483
10347,3/4,5,0.598087,-0.021048,1.621674,8.231586,113.138716
10348,3/4,17,0.407174,-0.236785,1.736085,5.64913,305.129421
10349,3/4,400,1.038073,0.016653,3.488544,13.816278,265.335821
10350,3/4,9,0.312693,0.093138,0.901168,4.263788,173.179455
10351,3/4,222,0.154634,0.022792,0.540546,2.245639,171.231487
10352,3/4,3,0.559827,-0.122317,1.579967,7.590124,182.941942
10353,3/4,103,0.25289,-0.005374,0.842031,3.660761,156.539538
10354,3/4,36,0.145794,0.012736,0.453626,2.116472,173.736238
10355,3/4,1,0.359227,0.006904,1.165101,5.211494,161.285682
10356,3/4,45,0.224081,-0.002778,0.683855,3.2675,165.265175
10357,3/4,35,0.259812,0.092894,0.828379,3.650958,166.53886
10358,3/4,43,0.350538,0.023486,1.081309,5.032759,165.009339
10359,3/4,30,0.192318,-0.01653,0.635918,2.837828,159.961976
10361,3/4,30,0.178874,0.000153,0.545831,2.621736,188.854906
10362,3/4,60,0.37345,0.006691,1.120418,4.952273,235.416062
10363,3/4,12,0.064542,-0.013838,0.187153,0.81542,145.527213
10364,3/4,1513,0.474336,-0.001108,1.558317,6.520074,151.859779
10365,3/4,70,0.713587,-0.088156,2.287879,9.922131,132.378168
10366,3/4,9,0.094542,0.008792,0.29918,1.367248,197.943858
10368,3/4,1,0.023776,0,0.080065,0.346509,65.591289
10369,3/4,32,0.336331,0.098042,1.142247,4.533767,157.786658
10370,3/4,34,0.367821,0.112089,1.179009,4.943312,114.689548
10371,3/4,36,0.446876,-0.047405,1.396153,6.372179,100.792589
10372,3/4,79,0.140213,0.008284,0.441469,2.079614,103.291486
10373,3/4,8,0.318698,0.036738,1.091873,4.689188,122.07407
10374,3/4,806,0.208058,-0.000834,0.653415,2.961857,186.188183
10375,3/4,5,0.063717,0.010848,0.189729,0.936206,280.382419
10376,3/4,16,0.066299,0.0153,0.225357,0.951839,246.463021
10377,3/4,275,0.155107,0.009876,0.504621,2.151198,241.73787
10378,3/4,13,0.318696,-0.235724,1.051675,3.444433,162.997175
10379,3/4,3311,0.948562,-0.022738,3.112253,12.841805,250.586743
10380,3/4,3139,1.512127,-0.001516,4.924429,19.947438,248.900128
10381,3/4,4,1.164176,0.408413,3.015778,15.361855,277.692662
10382,3/4,40,0.230874,0.041207,0.679023,3.333128,193.159746
10383,3/4,61,0.390604,0.095459,1.23942,5.056993,176.622008
10385,3/4,161,1.377586,-0.026394,4.17996,18.712803,105.120402
10386,3/4,55,0.164034,-0.01871,0.555044,2.263208,186.210188
10387,3/4,36,0.2331,-0.002259,0.822973,3.486729,149.225117
10388,3/4,16,0.197761,0.027481,0.695895,2.745171,259.825822
10389,3/4,265,0.270443,0.01761,0.917448,3.863597,184.644331
10390,3/4,18,0.521392,0.211389,1.639546,7.082749,167.256293
10391,3/4,672,0.802855,0.016233,2.689569,11.297621,146.267895
10392,3/4,128,0.710392,0.066734,2.134688,10.127551,112.298512
10393,3/4,573,0.52701,-0.013796,1.773651,7.456868,131.41117
10394,3/4,73,0.316703,0.015321,1.075389,4.695012,162.249009
10395,3/4,13,0.15015,-0.058989,0.546265,2.250589,109.188316
10396,3/4,233,0.374633,0.017762,1.207532,5.320365,94.684911
10397,3/4,216,0.119126,-0.00598,0.384177,1.606779,148.275074
10398,3/4,33,0.118402,0.033571,0.420213,1.710724,135.202382
10399,3/4,98,0.203879,-0.00377,0.687444,2.881437,178.659466
10401,3/4,58,0.32197,0.007114,0.972576,4.206298,180.671722
10402,3/4,7408,0.928125,-0.005812,3.01336,12.556527,239.460427
10403,3/4,483,0.2706,0.06452,0.913686,3.691395,210.299885
10404,3/4,1,0.358769,0.060207,1.171757,5.186356,164.695861
10405,3/4,46,0.294926,-0.008863,0.966958,4.038595,189.644282
10406,3/4,51,0.279591,-0.00147,0.899797,3.986127,161.923574
10407,3/4,36,0.281208,0.001556,0.962753,4.074935,176.261878
10408,3/4,102,0.355445,0.084268,1.144729,4.875679,178.036105
10409,3/4,136,1.347258,-0.060497,4.130601,18.117601,254.076779
10410,3/4,169,0.197992,0.000495,0.604328,2.923871,168.091456
10411,3/4,21,2.286141,0.172663,6.662012,29.799822,262.256607
10413,3/4,101,0.208366,0.017683,0.667823,2.891139,152.359929
10414,3/4,42,0.26489,-0.07699,0.803069,3.674951,170.104608
10415,3/4,844,0.485269,0.007168,1.538594,6.930691,152.535092
10416,3/4,31,0.398054,0.011508,1.281598,5.543329,154.809253
10417,3/4,36,0.60751,0.000678,1.977838,8.481137,139.52776
10418,3/4,407,0.604815,-0.011609,2.021024,8.561961,130.556021
10419,3/4,233,0.197898,-0.009603,0.612801,2.847701,161.413991
10420,3/4,124,0.335583,-0.006878,1.09354,4.711497,102.052458
10421,3/4,41,0.36888,-0.075581,1.288796,5.266988,78.808753
10422,3/4,46,0.267257,-0.04937,0.863068,3.668239,143.137473
10423,3/4,117,0.226705,0.021555,0.721548,3.288272,109.140214
10424,3/4,65,0.150462,0.008432,0.522746,2.183998,147.079763
10425,3/4,361,0.210921,0.005426,0.66163,2.959999,144.494982
10428,3/4,2564,1.16441,-0.005525,3.826173,15.456777,199.091642
10429,3/4,1479,0.620158,-0.001887,2.071483,8.575546,191.917479
10430,3/4,813,1.099431,0.032727,3.643048,14.682976,219.119388
10431,3/4,31,0.634195,0.07916,2.167331,8.855002,83.8369
10432,3/4,23,0.419238,0.034253,1.336495,5.826632,116.305211
10433,3/4,211,0.309224,0.035898,0.986627,4.319772,206.844696
10434,3/4,567,0.742509,-0.012086,2.309594,10.32097,120.335653
10435,3/4,36,2.59256,0.127227,7.98956,32.967288,282.001639
10436,3/4,184,0.254995,-0.000517,0.867031,3.741388,201.097747
10437,3/4,6,0.138175,0.007666,0.400576,2.041481,175.800442
10438,3/4,172,1.149487,-0.105885,3.768318,15.233072,123.030327
10439,3/4,52,1.176601,0.021674,3.816548,15.665331,95.943328
10440,3/4,86,0.424054,0.102189,1.399966,5.930288,147.560468
10441,3/4,42,0.435109,0.031269,1.32742,5.884003,192.011106
10443,3/4,349,0.6716,-0.002675,2.107425,9.44749,170.571481
10444,3/4,195,0.426843,-0.034367,1.396466,6.079604,139.144456
10445,3/4,2,1.663413,0.571929,5.813355,23.153338,44.961728
10446,3/4,49,0.729584,-0.081125,2.32212,9.827278,155.892352
10447,3/4,32,0.548735,-0.124315,1.816364,7.666493,110.754576
10448,3/4,78,0.298378,-0.013826,0.931775,4.187134,151.101069
10449,3/4,117,0.156968,-0.005637,0.538424,2.145873,139.315179
10450,3/4,70,0.280605,0.010195,0.932563,4.064908,109.261217
10453,3/4,432,1.092061,-0.000632,3.601317,15.225515,243.9418
10454,3/4,185,1.010747,0.043557,3.159131,12.980597,142.761498
10455,3/4,525,0.476954,-0.00962,1.520494,6.697412,174.850032
10456,3/4,285,0.913363,-0.074421,3.085734,12.675225,89.500757
10457,3/4,29,1.005747,0.136763,3.360645,14.056482,95.864795
10458,3/4,9,0.832633,0.085728,2.485737,11.285274,95.372699
10459,3/4,503,0.276649,0.020396,0.90321,3.936507,142.176537
10460,3/4,49,0.349669,-0.012716,1.037304,5.15018,177.716571
10461,3/4,6,1.913848,-0.085124,6.881214,26.731708,143.927132
10462,3/4,389,0.542224,0.029053,1.814802,7.578821,154.32602
10463,3/4,135,0.800584,0.027426,2.515348,10.701074,223.937729
10464,3/4,493,1.261735,-0.027829,4.037317,17.077989,235.489568
10465,3/4,244,0.246865,-0.000046,0.720347,3.584966,181.415205
10466,3/4,310,0.402699,0.030044,1.300309,5.693226,150.672157
10467,3/4,157,1.157387,0.030161,3.497402,15.448653,127.196675
10468,3/4,99,0.988958,0.031435,2.966561,13.252819,100.650967
10469,3/4,59,0.450631,-0.021326,1.338531,6.120942,163.586087
10470,3/4,291,0.34499,0.029787,1.091691,4.797613,163.874406
10471,3/4,21,0.288514,-0.04257,1.000613,4.143643,187.212879
10472,3/4,64,0.309838,-0.014455,1.078211,4.460096,200.64859
10473,3/4,1,0.20005,0.028576,0.607938,2.838746,181.923759
10474,3/4,473,0.556778,0.013101,1.807377,7.746234,176.281616
10475,3/4,413,0.568558,0.036596,1.876549,8.073757,152.734957
10476,3/4,385,0.647315,-0.029986,2.068901,9.104672,160.589048
10477,3/4,251,0.439701,0.021637,1.371281,6.215608,172.079639
10478,3/4,7,0.188741,0.028098,0.602995,2.772139,80.131566
10479,3/4,312,1.632026,0.048109,5.507084,22.382164,106.075718
10480,3/4,25,1.059782,-0.199331,3.720589,15.103913,62.056636
10481,3/4,6,0.473728,0.063295,1.744299,6.704288,104.592012
10482,3/4,52,0.74349,-0.016824,2.373919,9.829187,137.924608
10483,3/4,406,0.601954,-0.027663,1.961853,8.450408,120.797088
10484,3/4,184,0.419899,-0.031954,1.411335,5.930719,138.739091
10485,3/4,15,0.685649,0.170956,1.989011,9.585011,100.750332
10486,3/4,100,0.312623,-0.047529,1.078297,4.490574,140.019821
10487,3/4,111,0.149832,-0.03237,0.458326,2.041228,157.682531
10488,3/4,23,0.296628,-0.050534,0.993661,3.956065,96.173482
10489,3/4,1,0.298073,0.074501,0.947457,4.245348,79.078053
10493,3/4,388,0.992257,0.046637,3.176072,13.217284,219.505374
10494,3/4,12,0.727905,0.246049,2.153068,9.672227,100.931519
10495,3/4,600,1.062438,0.013424,3.469286,14.373461,241.377415
10496,3/4,1023,0.568885,-0.008993,1.852923,7.839607,212.139659
10497,3/4,24,0.333091,0.024209,1.024357,4.881774,180.838051
10498,3/4,352,0.29433,-0.000651,0.922618,4.292989,175.035099
10499,3/4,142,1.007318,-0.011921,3.148809,14.208294,191.74667
10500,3/4,436,1.252881,0.000058,4.181161,17.00884,75.82445
10501,3/4,42,0.102295,0.001832,0.317742,1.483264,116.104432
10502,3/4,40,0.24154,0.021222,0.733025,3.526202,149.894403
10503,3/4,43,0.257344,0.015131,0.807319,3.531786,163.134176
10504,3/4,17,0.268786,0.005157,0.773132,3.956296,178.21804
10505,3/4,43,0.40539,0.07662,1.443678,5.918404,169.965152
10506,3/4,34,0.857493,-0.15175,2.930736,12.257408,144.057513
10507,3/4,35,1.521773,-0.093774,4.439903,20.375059,98.15749
10508,3/4,55,0.918996,-0.164093,2.84297,12.867335,108.272181
10509,3/4,546,0.940141,-0.046515,2.955329,12.568647,188.876257
10510,3/4,72,0.586284,-0.140913,1.899143,7.824634,176.244473
10511,3/4,35,0.434313,0.147599,1.333599,5.899098,189.710798
10512,3/4,27,0.151312,-0.005516,0.417898,2.27201,176.970278
10513,3/4,46,0.166682,-0.005369,0.483538,2.490994,171.944222
10515,3/4,29,0.354659,-0.018186,1.030618,5.166933,173.818505
10516,3/4,50,0.134507,0.009643,0.441388,2.012321,202.278387
10517,3/4,46,1.680231,0.073282,5.555006,23.480017,250.95206
10518,3/4,1,1.010966,0.670142,2.975386,13.42863,141.068122
10519,3/4,20,2.065204,0.201271,6.395817,27.539273,74.467027
10520,3/4,105,1.476689,0.005699,4.726543,20.340169,103.686858
10521,3/4,217,0.594863,-0.008781,1.896105,8.406323,158.463016
10522,3/4,287,0.816839,-0.029125,2.676808,10.745911,197.861184
10523,3/4,279,1.243856,-0.127471,4.114682,16.54799,201.51333
10524,3/4,98,0.641025,0.032425,2.078578,9.003541,170.64999
10525,3/4,42,0.538384,0.004601,1.767941,7.805103,145.845612
10526,3/4,227,1.55822,0.129645,5.088938,21.329671,109.420715
10527,3/4,58,0.683523,-0.178775,2.044036,9.586692,110.193659
10528,3/4,8,0.543412,0.04684,1.920518,8.207088,124.99015
10529,3/4,37,0.704985,0.156562,2.41304,9.917942,99.568162
10530,3/4,98,1.162312,0.150811,3.536176,15.973947,140.649711
10531,3/4,42,1.089097,0.027332,3.282901,14.820233,174.364559
10532,3/4,1,2.792012,-1.950669,7.303648,33.958003,101.207068
10533,3/4,298,0.93556,-0.008067,3.105204,12.986915,118.919536
10534,3/4,74,0.463471,0.08456,1.530783,6.645755,138.32263
10535,3/4,166,0.629323,-0.022226,1.894662,8.810487,119.955013
10536,3/4,32,0.096069,0.007335,0.275561,1.193799,199.223014
10537,3/4,12,0.033591,-0.005389,0.119986,0.43271,142.640451
10538,3/4,91,0.142707,-0.020968,0.464523,2.066774,171.72415
10539,3/4,584,0.12007,0.003898,0.397724,1.66052,150.594283
10540,3/4,65,0.164871,-0.008167,0.535847,2.199074,114.293421
10541,3/4,78,0.064613,-0.009111,0.202893,0.897585,164.616214
10542,3/4,323,0.627375,-0.018143,1.936023,8.821859,106.246265
10547,3/4,82,0.708673,-0.029799,2.381477,9.8074,234.261586
10551,3/4,101,0.893036,-0.010737,2.955158,12.432067,225.282903
10552,3/4,761,0.737792,-0.010729,2.452979,10.161054,246.756693
10553,3/4,660,0.240611,0.008315,0.799498,3.501496,201.847508
10554,3/4,115,0.366016,0.024141,1.219104,5.229797,227.218694
10555,3/4,208,0.326253,-0.005984,1.020239,4.81736,198.757617
10556,3/4,54,0.236872,-0.003103,0.668159,3.52703,185.150484
10557,3/4,25,1.09118,-0.13003,3.997201,15.723451,212.092086
10558,3/4,57,0.289261,0.084102,1.050133,4.204277,103.561998
10559,3/4,9,0.111972,-0.017696,0.313207,1.595489,100.289854
10560,3/4,2,0.142288,0.023034,0.40548,2.138443,95.491526
10561,3/4,4,0.408338,0.078791,1.275427,5.800196,157.31526
10562,3/4,82,0.343136,0.054897,1.172916,4.883225,149.055937
10563,3/4,6,0.431385,-0.063505,1.380755,6.204589,158.675231
10564,3/4,43,0.405524,-0.014843,1.253723,5.913099,168.857524
10565,3/4,215,0.2812,-0.012126,0.943739,4.118086,214.451393
10566,3/4,76,0.281984,-0.020049,0.97874,3.854572,181.450635
10567,3/4,548,0.264305,0.01113,0.853656,3.726829,180.392385
10568,3/4,9,1.229133,-0.077437,3.653693,17.257048,281.707597
10569,3/4,16,1.366162,0.162392,4.157647,17.673892,117.890049
10570,3/4,36,0.210278,-0.043856,0.637041,2.905776,235.505126
10571,3/4,6,0.35483,-0.119188,1.064909,4.959614,210.175507
10574,3/4,591,1.14543,-0.030673,3.735539,15.639206,203.456407
10575,3/4,38,1.386783,-0.039056,4.261949,18.822281,118.947846
10576,3/4,724,0.599381,-0.001206,1.94279,8.370958,190.162016
10578,3/4,54,0.524061,-0.012192,1.722669,7.331149,164.566846
10579,3/4,70,0.491022,0.145498,1.581549,6.658925,229.81222
10580,3/4,104,0.412826,-0.011747,1.346394,5.940902,151.841191
10582,3/4,292,1.663027,-0.047683,5.533154,22.618799,100.047256
10583,3/4,26,1.022741,-0.184096,3.112961,14.320429,103.646898
10584,3/4,5,0.361005,-0.098604,1.275108,5.175313,164.700681
10585,3/4,339,0.479523,-0.021983,1.61867,6.8598,135.816728
10586,3/4,81,0.333198,-0.005731,1.133542,4.840353,136.826175
10587,3/4,25,0.711855,-0.089974,2.242935,9.985321,108.471495
10588,3/4,13,0.147966,0.006561,0.48789,2.183182,164.710468
10589,3/4,5,1.979142,-0.421483,5.61967,26.209841,96.473672
10590,3/4,250,0.309013,-0.002176,0.997543,4.335684,166.256756
10591,3/4,379,0.177626,0.004222,0.625334,2.61459,150.509843
10592,3/4,18,0.347237,0.020434,1.284788,5.226863,132.014881
10593,3/4,44,0.087125,-0.00202,0.287122,1.251461,162.553385
10595,3/4,54,0.372945,0.041862,1.189729,5.184551,181.128192
10596,3/4,47,0.582891,-0.028585,1.924562,8.398201,67.429678
10597,3/4,129,0.436949,0.00981,1.417846,6.124158,88.535654
10601,3/4,454,0.709915,0.006721,2.23477,9.735004,223.917215
10603,3/4,214,0.340671,-0.004195,1.18625,5.0168,206.677179
10604,3/4,32,0.092822,-0.001481,0.29785,1.365877,251.218983
10605,3/4,58,0.219852,-0.020245,0.732664,3.213395,205.446776
10606,3/4,823,0.414173,-0.004477,1.444589,6.119797,231.674197
10607,3/4,185,0.34755,0.006568,1.05437,4.990618,200.078192
10608,3/4,914,0.314124,-0.001859,0.998268,4.570795,203.155233
10609,3/4,271,1.011797,-0.036669,3.331281,13.671769,198.573624
10610,3/4,404,0.405012,0.029226,1.345105,5.530855,191.599847
10611,3/4,13,0.826601,-0.372624,2.996565,10.936911,87.648872
10612,3/4,46,0.343014,0.019355,1.072293,4.71313,146.126433
10613,3/4,3,0.195352,-0.002845,0.58293,2.829798,191.531422
10614,3/4,29,0.366611,0.016233,1.08761,5.280962,149.670321
10615,3/4,127,1.352475,-0.220099,4.293596,17.868062,182.074501
10616,3/4,131,0.301005,-0.008474,1.018322,4.270571,201.301397
10617,3/4,163,0.638827,0.125795,2.049709,8.751924,237.991986
10618,3/4,167,0.214959,0.01752,0.709456,3.113581,178.437437
10619,3/4,8,0.496566,0.096084,1.508351,6.155255,129.99255
10620,3/4,4,0.261954,-0.064119,0.712388,3.640032,214.363626
10621,3/4,162,0.288965,0.005239,0.869298,4.126421,205.839103
10622,3/4,93,0.758544,-0.018817,2.347475,10.170377,226.928156
10623,3/4,103,0.553129,-0.04197,1.827117,7.823974,176.854291
10624,3/4,5,0.327321,-0.037636,1.081393,4.774529,201.894815
10625,3/4,169,0.525844,0.017662,1.584932,7.284879,168.495005
10626,3/4,287,0.726478,-0.027967,2.269211,9.489638,207.968661
10627,3/4,173,0.579048,0.048185,1.831371,7.90423,167.338037
10628,3/4,536,0.70807,-0.029532,2.303913,9.680483,188.915948
10629,3/4,31,0.415844,0.072247,1.33792,5.821755,150.450386
10630,3/4,50,0.265557,0.043539,0.83949,3.843949,158.635758
10631,3/4,4,0.677265,0.198652,2.495869,10.341971,128.267831
10632,3/4,77,0.326211,0.040707,1.059717,4.539836,87.075315
10633,3/4,108,0.868147,-0.019455,3.029259,12.560737,147.473589
10634,3/4,241,0.341471,0.021165,1.142435,4.979781,156.030699
10635,3/4,6,0.367279,0.068997,1.021082,5.260578,166.961096
10636,3/4,1,0.798243,0.344113,2.921136,12.080258,128.708582
10637,3/4,264,0.611001,-0.067952,2.158908,8.893074,135.513912
10638,3/4,238,1.502148,-0.090666,4.722609,20.560415,100.84386
10639,3/4,30,0.514557,-0.094074,1.631121,7.444298,157.897191
10640,3/4,65,0.336354,-0.041144,1.139587,4.801064,153.657488
10641,3/4,23,1.353175,-0.512816,4.558366,18.514361,107.897529
10642,3/4,18,0.957396,0.065654,2.8296,13.168535,123.090496
10643,3/4,178,1.951003,-0.068446,6.779212,26.289927,145.232338
10644,3/4,29,0.938713,-0.146866,3.022221,12.37112,113.32635
10645,3/4,226,2.119386,-0.112106,6.593331,27.34919,100.311484
10646,3/4,214,2.291001,0.073002,7.905497,30.075509,128.19971
10648,3/4,54,0.115222,-0.015182,0.382232,1.671705,158.467237
10649,3/4,41,0.202897,-0.020937,0.712929,2.926775,152.337603
10650,3/4,453,0.158591,-0.00404,0.501076,2.23627,163.045804
10651,3/4,17,0.412407,0.059369,1.218043,5.6327,138.905496
10652,3/4,506,0.338146,0.013135,1.128263,4.663193,149.431697
10659,3/4,351,0.353683,-0.000206,1.16145,5.041115,181.930225
10661,3/4,2492,1.456865,-0.006125,4.814146,19.798022,204.717587
10662,3/4,6,0.334073,-0.049106,1.128916,4.610292,224.597442
10663,3/4,182,0.422635,0.010291,1.40738,6.023277,210.52476
10664,3/4,44,0.330424,0.002946,1.152641,4.851661,213.52103
10665,3/4,55,0.123346,0.000944,0.41863,1.838808,243.355853
10666,3/4,208,0.612167,0.014652,2.086216,8.754223,232.570997
10667,3/4,65,0.339183,0.006145,1.175117,4.948847,216.643876
10668,3/4,360,0.43312,-0.003209,1.460107,6.2829,228.020521
10669,3/4,67,0.223828,-0.002595,0.736916,3.171014,198.546723
10670,3/4,420,0.339475,0.00323,1.171624,4.905221,202.883137
10671,3/4,128,0.293778,-0.013435,1.005139,4.248441,216.816471
10672,3/4,89,0.194895,-0.007508,0.639701,2.888307,198.156284
10673,3/4,73,0.294768,0.014064,0.928633,4.287052,197.266489
10674,3/4,353,0.31185,0.011171,1.08103,4.617131,195.685495
10675,3/4,110,0.42479,-0.054102,1.307022,5.478735,154.878009
10676,3/4,184,0.339076,0.008124,1.04682,4.501267,181.103587
10677,3/4,32,0.248432,0.003722,0.757657,3.611624,185.997722
10678,3/4,15,0.298334,0.07279,1.001807,4.318852,170.938766
10680,3/4,182,0.419852,0.020821,1.38947,5.825553,147.121743
10681,3/4,242,0.780557,-0.056437,2.613525,10.858321,191.770852
10682,3/4,10,1.478008,-0.40406,4.20302,20.136582,90.503524
10683,3/4,139,0.430584,-0.005328,1.275003,5.996574,176.670652
10684,3/4,22,0.984543,0.074163,2.962221,12.615261,222.633381
10685,3/4,164,0.623112,0.084633,1.98728,8.78431,175.47549
10686,3/4,80,0.479219,0.083656,1.534369,6.725148,214.79863
10687,3/4,10,0.377586,0.042179,1.210238,5.26681,128.925108
10688,3/4,80,0.853382,-0.164202,2.716328,11.945524,135.082754
10689,3/4,13,0.417066,0.093334,1.445995,5.970059,122.348414
10690,3/4,11,0.514003,0.02091,1.797886,7.623509,125.347954
10691,3/4,24,0.748614,-0.12184,2.601627,10.661964,123.271502
10692,3/4,260,2.176832,0.023005,6.996593,28.97568,110.456305
10693,3/4,195,0.535053,-0.039546,1.881145,7.821005,134.935193
10694,3/4,18,1.403608,0.214023,4.254441,18.890152,106.569084
10695,3/4,21,1.593656,-0.212536,5.043304,22.01572,152.8348
10696,3/4,176,1.70779,0.137217,5.639449,22.527073,118.623467
10697,3/4,99,0.380202,0.02411,1.291762,5.4891,153.032202
10698,3/4,94,0.15391,-0.017767,0.53241,2.246861,154.973904
10699,3/4,118,0.259613,0.024372,0.794632,3.67371,157.496149
10700,3/4,4,0.057595,0,0.21239,0.872677,144.615324
10701,3/4,20,0.066527,0.007564,0.242585,0.941475,72.925235
10702,3/4,53,0.14027,0.035175,0.478223,1.89832,153.196147
10703,3/4,80,0.461596,0.026495,1.481944,6.460484,118.573217
10710,3/4,4,1.175521,-0.10025,3.998747,16.644634,234.48213
10711,3/4,68,0.462572,0.022854,1.438272,6.676947,189.828404
10713,3/4,196,1.382179,0.060751,4.653135,18.622757,197.283603
10714,3/4,3,0.353211,-0.197761,1.17539,4.448662,154.64045
10716,3/4,746,0.502882,-0.003422,1.732467,7.279083,231.51855
10717,3/4,479,0.739893,-0.016157,2.405808,10.266083,240.963959
10718,3/4,80,0.777996,-0.147706,2.513879,10.552158,240.847775
10719,3/4,40,0.436088,-0.007126,1.428233,6.292961,236.56788
10720,3/4,18,0.275294,0.000023,1.039489,4.23785,218.576801
10721,3/4,1,0.266692,0.010232,1.007064,4.095416,218.107092
10722,3/4,224,0.240715,-0.010149,0.840688,3.585216,211.213593
10723,3/4,219,0.234081,-0.003442,0.796515,3.359325,209.590088
10724,3/4,20,0.223965,-0.009857,0.809797,3.385383,216.610495
10725,3/4,182,0.195367,0.002239,0.631859,2.86659,199.826231
10726,3/4,27,0.292639,-0.004109,0.934839,4.34543,210.307901
10727,3/4,40,0.542394,0.096477,1.590956,7.557132,248.71055
10728,3/4,52,0.171955,-0.006323,0.557388,2.516585,198.771848
10729,3/4,48,0.412381,-0.006369,1.336004,5.624832,189.861149
10730,3/4,8,0.491711,0.139558,1.699696,7.069391,152.439554
10732,3/4,46,0.272995,-0.005686,0.896815,4.007458,159.82418
10733,3/4,32,0.227905,0.067838,0.708594,3.160381,189.007399
10734,3/4,100,0.38437,0.037142,1.251585,5.150324,191.038717
10735,3/4,34,0.330295,0.079788,1.110028,4.678094,203.801549
10736,3/4,26,0.500673,-0.032105,1.6331,7.178174,172.547281
10737,3/4,297,0.407124,0.065734,1.442863,5.962825,157.063469
10738,3/4,128,0.399936,0.002447,1.341222,5.701894,200.483971
10739,3/4,83,0.666434,-0.14534,2.226456,9.26451,135.799564
10740,3/4,128,0.750338,0.054799,2.570179,10.363001,116.985721
10741,3/4,379,0.572153,-0.005582,1.928305,8.176931,204.783862
10742,3/4,312,0.441349,0.000297,1.440913,6.468711,204.870016
10743,3/4,127,1.137566,-0.041186,3.690112,15.410468,125.479781
10744,3/4,409,0.625616,0.009718,2.05962,8.464927,179.189225
10745,3/4,478,0.638291,0.046074,2.141811,8.919612,174.582148
10746,3/4,57,0.530755,0.009925,1.805883,7.644707,142.816995
10747,3/4,2,0.688103,-0.143733,2.073204,9.814295,169.740803
10748,3/4,28,0.42305,0.051573,1.3376,6.032855,176.946193
10749,3/4,10,0.357389,-0.160344,1.224782,4.85854,162.374417
10750,3/4,1,0.907192,0.144675,2.859961,12.953873,123.220429
10751,3/4,23,0.557147,-0.053781,1.96403,8.217721,123.625382
10752,3/4,128,0.353368,0.00436,1.165673,5.144448,105.237244
10753,3/4,16,0.50147,-0.011868,1.82041,7.401444,138.354977
10754,3/4,650,0.368383,0.034587,1.261205,5.326095,145.384317
10755,3/4,37,0.642957,0.004677,2.237023,9.156769,139.768094
10756,3/4,31,0.55512,0.109475,1.628038,7.771496,113.489146
10757,3/4,157,0.558062,0.037846,1.863743,7.945528,124.970425
10758,3/4,3,1.189692,-0.358448,4.330022,17.218938,166.094446
10759,3/4,6,1.394829,0.168472,3.990516,19.705794,173.853219
10760,3/4,6,0.198964,-0.013947,0.628101,2.872196,199.974593
10761,3/4,85,0.777168,0.053261,2.539428,10.841609,159.779495
10762,3/4,56,0.745602,0.082994,2.486728,10.59529,171.256615
10763,3/4,11,2.289997,-0.017136,6.578799,30.544491,186.82765
10764,3/4,441,2.024208,-0.082474,6.492108,26.967985,156.184215
10765,3/4,82,1.989594,0.040476,6.012483,27.09303,187.984938
10766,3/4,72,2.452286,0.05078,7.54043,31.919981,79.761045
10767,3/4,94,0.486118,-0.005119,1.499468,6.964813,90.798543
10768,3/4,160,0.249844,-0.00426,0.824337,3.499354,234.388399
10769,3/4,90,0.379235,0.007617,1.126784,5.354373,122.773252
10770,3/4,9,0.968115,-0.096322,3.14488,13.833803,159.305002
10771,3/4,166,0.338481,0.007239,1.094664,4.851529,138.75794
10772,3/4,76,0.220291,-0.015732,0.739099,3.204021,176.173003
10773,3/4,310,0.200869,0.010328,0.650986,2.882778,183.152399
10781,3/4,49,0.627913,-0.079751,2.108509,8.965145,218.560568
10782,3/4,195,0.584091,0.030697,1.967112,8.269628,233.528432
10783,3/4,34,0.264983,-0.003205,0.824274,3.821572,174.489363
10784,3/4,32,0.252554,-0.01279,0.740809,3.523802,261.078276
10785,3/4,223,0.473404,-0.019888,1.595594,6.826036,228.162223
10786,3/4,176,0.715707,0.083204,2.459431,10.418696,211.465747
10787,3/4,3,0.160999,0.061,0.526172,1.358003,193.380888
10788,3/4,4,0.250416,-0.019128,0.9594,3.88436,217.141597
10789,3/4,2,0.187919,-0.033651,0.712356,2.817383,226.157666
10790,3/4,35,0.263306,0.00703,0.827496,3.805609,186.934455
10791,3/4,1,0.156244,-0.003144,0.497307,2.25615,197.721045
10792,3/4,189,0.46639,-0.018186,1.496336,6.506112,195.997953
10794,3/4,81,0.372209,0.013565,1.249305,5.261437,222.798406
10795,3/4,2,0.372848,0.002591,1.436921,5.815357,221.075571
10796,3/4,302,0.295315,0.002594,0.991428,4.344252,211.354396
10797,3/4,7,0.257238,0.002325,0.864524,3.74111,204.252359
10798,3/4,25,0.154511,-0.015072,0.540128,2.282223,209.849032
10799,3/4,27,0.422424,0.04268,1.384099,5.855745,148.129933
10800,3/4,38,0.320582,0.034424,0.950975,4.500675,191.851391
10801,3/4,24,0.547463,0.029455,1.794766,7.396281,223.641267
10802,3/4,207,0.327428,-0.005409,1.008594,4.7861,187.351776
10803,3/4,99,0.445796,-0.001524,1.49012,6.292932,215.772249
10804,3/4,363,0.476378,0.007363,1.525729,6.348081,185.423301
10805,3/4,38,0.311935,0.015914,1.009441,4.423011,163.130869
10806,3/4,376,0.257455,0.004242,0.829093,3.667505,154.8116
10807,3/4,19,0.268755,0.021881,0.920671,3.910099,176.155552
10808,3/4,119,0.300289,0.010141,1.042508,4.478895,145.286574
10809,3/4,30,0.573189,0.010135,1.926163,7.989974,205.040942
10810,3/4,63,0.308472,0.017967,0.951572,4.419542,144.239137
10811,3/4,24,0.679266,-0.034405,2.088814,8.276821,213.325537
10812,3/4,44,0.992301,-0.121525,3.14778,14.083063,76.398758
10813,3/4,13,1.555944,0.048917,4.875975,21.842621,72.935485
10815,3/4,133,0.333365,0.007781,1.030576,4.755146,171.809642
10816,3/4,318,0.576504,0.01381,1.877078,8.260826,195.438852
10817,3/4,1088,0.471125,0.017765,1.514261,6.749957,166.783304
10818,3/4,68,0.549002,0.063465,1.831544,8.060687,165.175869
10819,3/4,98,0.619758,-0.145272,2.007318,7.962258,189.13915
10820,3/4,31,0.744719,0.215172,2.490101,10.113299,171.429937
10821,3/4,45,0.503117,0.024207,1.748377,7.344567,139.175063
10822,3/4,35,0.562346,0.128559,1.893511,8.053774,159.535631
10823,3/4,3,1.372707,-0.539735,4.274989,18.842044,151.56995
10824,3/4,20,0.756367,0.157069,2.398107,10.631022,89.686787
10825,3/4,834,0.534684,0.06462,1.762212,7.30588,142.755454
10826,3/4,861,1.85975,-0.019899,5.821465,24.615567,102.602045
10827,3/4,65,1.846661,-0.094325,5.936814,24.148788,106.801644
10828,3/4,71,0.301534,0.024616,0.927177,4.159027,106.173926
10829,3/4,36,0.179497,-0.02762,0.640013,2.632111,157.605802
10830,3/4,107,0.160861,0.015575,0.474938,2.254482,195.367242
10831,3/4,343,0.199957,0.010535,0.647666,2.891487,169.233231
10832,3/4,34,0.108502,0.012511,0.365033,1.596578,203.797322
10833,3/4,4,0.09348,0,0.355903,1.448978,230.781462
10835,3/4,41,0.155631,-0.013552,0.480235,2.199449,110.378995
10836,3/4,43,0.099274,0.011613,0.324169,1.45975,190.107905
10837,3/4,5,0.317317,0.05912,0.992329,4.554302,107.095525
10838,3/4,3,0.052385,-0.032029,0.171136,0.598837,106.992363
10839,3/4,140,0.21965,-0.042814,0.728217,3.116232,121.270301
10849,3/4,489,0.532699,0.017004,1.886258,7.833628,221.692371
10850,3/4,45,0.585516,0.057162,1.952388,8.412428,215.636236
10851,3/4,166,0.717649,0.016084,2.594242,10.58206,230.055285
10852,3/4,19,0.495531,0.022019,1.68232,7.013989,222.64461
10853,3/4,36,0.510689,-0.004055,1.725961,7.388191,222.124629
10854,3/4,350,0.397469,0.005378,1.435083,5.937843,221.905636
10855,3/4,1130,0.420096,0.004287,1.430485,6.062107,218.683976
10856,3/4,153,0.352887,0.013697,1.169417,4.818208,218.554035
10857,3/4,11,0.230726,-0.019705,0.731247,3.208587,250.261337
10858,3/4,2,0.373884,0.034378,1.377577,5.615191,217.221788
10859,3/4,46,0.335545,-0.013436,1.100824,4.915629,209.606488
10860,3/4,1,0.370257,0,1.436921,5.812513,221.486859
10861,3/4,84,0.253554,-0.002074,0.887614,3.778479,209.087804
10862,3/4,90,0.218999,0.007123,0.758063,3.203077,219.226857
10863,3/4,12,0.260177,0.00072,0.866884,3.779771,203.088827
10864,3/4,88,0.239902,0.003689,0.821613,3.618408,207.48855
10865,3/4,2,0.739703,0.093454,2.748697,10.987239,135.603243
10866,3/4,58,0.354565,-0.026999,1.117917,4.854686,203.853399
10867,3/4,378,0.289108,-0.000636,1.010308,4.22926,205.5226
10868,3/4,10,0.420076,0.003036,1.466822,6.137092,221.431006
10869,3/4,72,0.346128,-0.018317,1.212014,5.07493,167.929338
10870,3/4,20,0.367895,0.007357,1.192124,5.252343,185.08801
10871,3/4,411,0.37795,-0.005351,1.22194,5.298209,147.759939
10872,3/4,175,0.33928,-0.025058,1.042614,4.994797,156.763455
10874,3/4,48,0.298479,-0.030678,0.948092,4.239057,118.677338
10875,3/4,22,0.345955,0.094251,1.234413,4.643562,203.396627
10876,3/4,117,0.275607,-0.003188,1.016519,4.204462,141.904014
10877,3/4,612,0.356445,0.000549,1.208531,5.13749,141.286033
10878,3/4,68,0.34567,-0.003351,1.116415,5.066243,158.532342
10879,3/4,456,0.254561,-0.006408,0.838573,3.709811,143.300338
10880,3/4,57,0.411035,-0.05356,1.260276,5.230975,194.373711
10881,3/4,41,0.249714,0.057786,0.863595,3.452232,224.176727
10882,3/4,4,0.879967,0.018329,2.783443,12.604648,89.448355
10883,3/4,155,0.387646,0.034514,1.210789,5.526643,162.655253
10884,3/4,27,0.412557,0.072173,1.355629,5.87046,155.22282
10885,3/4,56,0.562878,-0.006425,1.665699,7.664287,166.081978
10886,3/4,6,0.251834,0.053817,0.77552,3.592882,193.293989
10887,3/4,156,0.435096,-0.018484,1.415885,6.221628,170.172169
10888,3/4,6,0.521799,-0.015458,1.487561,7.641018,183.502775
10889,3/4,692,0.493482,0.015986,1.606006,7.064238,177.521577
10890,3/4,53,0.602815,0.04018,2.040552,8.754094,161.845992
10891,3/4,112,0.774487,-0.036181,2.494922,10.495555,190.148902
10892,3/4,255,0.525363,-0.005003,1.703177,7.289574,177.031762
10893,3/4,56,0.475866,0.036615,1.617257,6.929591,137.166525
10894,3/4,22,0.503318,-0.046467,1.586366,7.291032,143.973862
10896,3/4,3,0.951137,-0.364043,3.300636,13.78997,138.332858
10897,3/4,23,0.627084,-0.078005,1.908879,9.073009,152.488464
10898,3/4,266,1.90647,0.040061,5.980514,25.848062,162.660123
10899,3/4,58,0.24536,0.072759,0.842158,3.307143,167.525204
10900,3/4,268,1.485353,-0.106612,4.929457,19.972505,85.282321
10901,3/4,73,2.056949,-0.135293,7.382131,28.179052,44.343998
10902,3/4,166,0.140024,-0.010155,0.465166,1.887646,156.168793
10903,3/4,5,0.602617,-0.442026,1.795574,8.35041,180.319023
10905,3/4,71,0.318221,-0.019386,1.002731,4.552993,143.243491
10907,3/4,49,0.343351,-0.000117,1.074629,4.581308,129.412278
10909,3/4,114,0.095337,0.003009,0.337379,1.402913,203.397623
10910,3/4,6,0.103481,0.01075,0.367598,1.545713,212.660805
10911,3/4,40,1.252026,0.022531,4.081856,16.965268,74.177787
10927,3/4,35,0.926016,0.02632,3.192111,13.285096,240.318262
10928,3/4,106,0.608538,-0.045046,1.999033,8.751229,247.661547
10931,3/4,25,0.555806,-0.00165,1.937863,8.070636,224.215075
10932,3/4,97,0.437552,-0.026904,1.436594,6.199571,234.721135
10933,3/4,40,0.173962,-0.03268,0.617017,2.558198,225.524665
10934,3/4,97,0.21731,-0.001708,0.761168,3.242297,210.207842
10935,3/4,13,0.215973,0.004063,0.776355,3.231234,216.835216
10936,3/4,23,0.366615,0.00714,1.41205,5.728996,227.918322
10937,3/4,5,0.255564,-0.027639,0.979217,3.997843,136.825178
10938,3/4,3,0.327952,-0.000067,1.227344,5.007356,142.810626
10939,3/4,1,0.676733,0.211301,2.292774,9.733832,133.82205
10940,3/4,110,0.278226,-0.026636,0.927606,3.969119,170.865648
10941,3/4,21,0.258792,0.018551,0.854024,3.762878,202.888482
10942,3/4,70,0.304434,0.011094,0.973731,4.388504,195.781004
10943,3/4,66,0.376081,-0.008886,1.218054,5.380497,176.149522
10944,3/4,204,0.358026,-0.014699,1.138059,5.127302,198.300794
10945,3/4,39,0.400536,-0.009858,1.247093,5.506171,151.497908
10946,3/4,33,0.343564,0.024149,1.098623,4.938322,159.949416
10947,3/4,464,0.249216,0.002758,0.860297,3.708857,150.899911
10948,3/4,192,0.315149,-0.001853,1.048476,4.625244,155.703595
10949,3/4,3,0.258479,0,0.97092,3.960269,142.393581
10950,3/4,31,0.306353,0.037346,1.042356,4.116134,132.823772
10951,3/4,42,0.298531,-0.025559,0.980882,4.302266,125.036921
10952,3/4,9,0.259171,0.0138,0.897044,3.798795,150.582723
10953,3/4,5,0.252952,-0.000409,0.907775,3.771221,147.690976
10954,3/4,8,0.341085,-0.022687,1.165895,4.962942,155.306402
10955,3/4,56,0.314241,-0.006098,0.938326,4.601791,100.502664
10956,3/4,77,0.190649,-0.004999,0.602979,2.443181,174.473886
10957,3/4,24,0.617577,-0.127088,1.867168,7.950961,233.003678
10958,3/4,80,0.85162,-0.038391,2.600972,11.630566,97.700359
10959,3/4,26,0.381645,0.095279,1.267043,5.252992,145.838674
10960,3/4,33,0.421454,0.120534,1.370593,5.803848,145.754099
10961,3/4,3,0.362177,0.011199,1.059043,5.31243,188.589799
10962,3/4,195,0.46591,-0.011345,1.339233,6.632028,163.203287
10963,3/4,20,0.343188,-0.054884,1.139552,4.85092,190.693118
10964,3/4,17,0.985118,-0.139869,3.059191,13.718581,198.053159
10965,3/4,82,0.462716,0.017315,1.514162,6.476697,190.846719
10966,3/4,68,0.72189,0.030289,2.240059,10.2052,180.077461
10967,3/4,183,0.494061,0.048464,1.542453,7.064871,180.05296
10968,3/4,50,0.826153,0.005015,2.768128,11.320813,183.081584
10969,3/4,12,1.530982,-0.250542,4.622271,20.331576,74.31653
10970,3/4,7,0.631061,0.178667,2.274871,9.073381,125.518459
10971,3/4,10,1.239714,-0.37561,3.852657,15.631811,128.257603
10972,3/4,10,1.594592,-0.520797,4.730539,18.916357,110.426176
10973,3/4,44,0.296228,-0.021001,1.010784,4.258597,133.359757
10974,3/4,4,0.616941,0.051482,2.137498,8.986145,118.063075
10975,3/4,55,0.434983,0.085991,1.438333,5.745724,152.444519
10976,3/4,108,0.737906,-0.098587,2.416473,10.45285,139.596
10977,3/4,23,0.230421,0.071851,0.764665,3.330354,142.782061
10978,3/4,217,0.31583,0.037991,1.066913,4.531405,151.438633
10979,3/4,179,1.122662,0.101083,3.838343,15.363521,114.509691
10980,3/4,582,1.616479,0.020696,5.426495,21.925756,152.467405
10981,3/4,310,1.59889,-0.105534,5.572503,22.23702,104.140537
10982,3/4,22,0.016374,0.00206,0.052564,0.232792,50.002918
10983,3/4,61,0.290845,-0.015241,0.888247,4.218671,88.476566
10984,3/4,11,0.162401,0.042991,0.550592,2.354611,127.655944
10985,3/4,18,0.356923,0.006261,1.145279,4.919604,165.717484
10987,3/4,40,0.321023,-0.006038,1.040239,4.470787,169.260127
10989,3/4,4,0.306395,-0.097037,1.06492,4.213438,201.633625
10990,3/4,84,0.07888,-0.003749,0.251785,1.152219,196.191418
10991,3/4,107,0.296634,0.063829,0.966056,3.82782,195.53892
10992,3/4,10,1.416203,-0.111999,4.796467,19.62241,60.27339
11009,3/4,3,0.567853,0.019819,1.893724,8.006075,228.64712
11010,3/4,16,0.732871,-0.020157,2.443035,10.273666,219.11453
11011,3/4,7,1.328695,0.123351,4.90952,19.395573,220.846185
11012,3/4,38,0.561435,-0.042183,1.861766,7.918834,232.667799
11013,3/4,52,0.603443,0.02986,2.099989,8.85903,240.788234
11015,3/4,23,0.436909,-0.002151,1.516015,6.333694,223.3528
11016,3/4,41,0.438354,-0.003621,1.646315,6.697342,225.314007
11017,3/4,12,0.400326,0.012506,1.439265,5.980476,223.039726
11018,3/4,195,0.389423,0.00016,1.266562,5.517368,213.746694
11019,3/4,1,0.784779,0.30531,2.364083,11.273633,253.453206
11020,3/4,28,0.436328,-0.018509,1.492643,6.259776,237.154387
11021,3/4,220,0.386254,0.01576,1.258102,5.323123,210.845302
11022,3/4,44,0.458813,-0.035033,1.616625,6.820584,210.603308
11023,3/4,56,0.336564,-0.012636,1.13176,4.992742,207.883118
11024,3/4,28,0.331287,0.039964,1.196353,5.038358,218.308684
11025,3/4,346,0.323471,0.005908,1.032389,4.644988,186.296881
11026,3/4,24,0.213849,-0.000595,0.775336,3.203832,213.268206
11027,3/4,42,0.282891,0.002956,1.011811,4.28271,211.293987
11028,3/4,156,0.275723,-0.000322,0.971651,4.133945,228.914369
11030,3/4,12,0.467835,0.037666,1.510189,6.392815,150.083977
11031,3/4,76,0.317099,-0.007272,1.05884,4.548156,175.959056
11032,3/4,19,0.221669,-0.004798,0.787272,3.289499,210.838383
11034,3/4,511,0.401184,-0.003312,1.293366,5.474477,171.868754
11036,3/4,329,0.261769,-0.001002,0.917955,3.877745,146.653957
11037,3/4,57,0.26924,-0.000497,0.915378,3.735009,176.921864
11038,3/4,5,0.122616,-0.003824,0.409447,1.802836,156.933872
11039,3/4,30,0.152254,-0.022479,0.515857,2.227994,153.462393
11040,3/4,4,0.236068,0.122742,0.629515,3.531378,263.546364
11041,3/4,6,0.391338,0.031132,1.042172,4.872291,277.493095
11042,3/4,3,0.299927,-0.111537,1.025776,4.442715,303.673482
11043,3/4,27,0.168972,0.071917,0.511145,2.368726,110.986312
11044,3/4,18,0.255396,0.016189,0.709838,3.830755,84.93173
11045,3/4,65,0.369253,0.075565,1.126248,5.298278,162.765098
11046,3/4,109,0.331862,0.005339,0.985582,4.818082,168.861775
11048,3/4,116,0.337593,-0.011859,1.078237,4.78709,188.049858
11049,3/4,2,0.597772,0.007504,1.819738,8.647781,164.174437
11050,3/4,222,0.471366,0.045102,1.533602,6.532009,205.337265
11051,3/4,88,0.582301,-0.011904,1.920498,8.345231,193.688863
11052,3/4,56,0.354238,0.040063,1.14451,4.973629,186.539396
11053,3/4,99,0.513742,0.03982,1.659333,7.335789,151.66032
11054,3/4,48,0.695474,-0.050526,2.070276,8.913945,207.28955
11055,3/4,163,0.320795,0.016895,1.066596,4.564384,146.221322
11056,3/4,70,0.279239,0.06683,0.943225,4.052893,162.076312
11057,3/4,156,0.43394,-0.033321,1.451737,6.262407,152.143327
11058,3/4,46,0.374044,0.002609,1.300499,5.387935,142.030737
11059,3/4,940,0.591049,0.009818,2.045051,8.419011,150.719008
11060,3/4,1882,1.173149,-0.002419,3.811171,15.244049,128.302961
11061,3/4,111,0.243342,-0.022365,0.750577,3.426351,171.443003
11062,3/4,5,0.021597,0.001452,0.069985,0.29846,209.832122
11063,3/4,131,0.133707,-0.014518,0.439311,1.860968,217.60278
11064,3/4,415,0.198819,0.000458,0.638772,2.885122,149.607765
11066,3/4,7,0.084652,0.009105,0.30703,1.282647,121.690961
11067,3/4,5,0.233568,0.067701,0.767112,3.402992,112.395255
11068,3/4,27,0.303249,-0.019057,1.005977,4.294854,119.474064
11069,3/4,48,0.253547,-0.016077,0.8456,3.614183,142.569722
11070,3/4,3,0.090619,0,0.330265,1.363004,213.962493
11072,3/4,58,0.078975,-0.000099,0.267824,1.154155,229.067457
11073,3/4,60,0.634149,-0.037401,2.045144,8.852084,45.321301
11074,3/4,35,0.882653,0.013561,2.81046,12.235885,37.885125
11075,3/4,5,0.179205,-0.093807,0.606754,2.568546,98.645424
11097,3/4,39,0.792693,-0.064701,2.563177,11.4642,253.58072
11098,3/4,33,0.571837,-0.117466,1.925228,8.131552,247.356872
11102,3/4,7,0.726126,0.066339,2.425478,10.272601,208.585409
11103,3/4,8,0.471792,-0.002874,1.61796,6.891455,236.207016
11104,3/4,12,0.33308,-0.03438,1.119637,4.622646,181.213922
11105,3/4,3,0.620549,-0.015253,2.342526,9.313343,222.944425
11106,3/4,322,0.325523,-0.000644,1.128022,4.726265,209.568358
11107,3/4,21,0.271203,-0.053125,0.843169,3.845002,252.549809
11108,3/4,120,0.25806,-0.003572,0.924506,3.832273,207.956469
11109,3/4,67,0.251155,0.010287,0.823117,3.663971,226.209279
11110,3/4,5,0.226113,0.032767,0.796997,3.356683,214.443759
11111,3/4,69,0.259589,-0.002909,0.864598,3.778062,181.137492
11112,3/4,18,0.217713,-0.022117,0.705008,3.157158,200.540779
11113,3/4,82,0.156728,0.016409,0.542827,2.263295,213.017236
11114,3/4,23,0.327747,-0.000696,1.223183,4.998128,143.016913
11115,3/4,103,0.253275,0.014581,0.859137,3.725384,156.370529
11116,3/4,79,0.225871,0.027202,0.721387,3.27449,170.212081
11117,3/4,13,0.26894,-0.072168,0.873277,3.791772,198.857342
11118,3/4,38,0.477294,0.001035,1.563729,6.615612,204.320975
11120,3/4,24,0.260775,0.001498,0.861914,3.784757,155.780755
11121,3/4,130,0.258523,-0.002917,0.868454,3.79628,153.068233
11122,3/4,10,0.455751,-0.07029,1.401492,6.179334,164.220111
11123,3/4,41,0.32371,-0.012031,1.072411,4.340593,173.06963
11124,3/4,22,0.007359,0.007359,0.023548,0.12077,269.162048
11125,3/4,159,0.407429,-0.0041,1.245634,5.399652,180.21759
11126,3/4,15,0.383992,-0.246341,1.062144,5.288864,114.366572
11127,3/4,30,0.290889,0.05965,0.906332,4.264119,197.477753
11128,3/4,44,0.496877,-0.02027,1.641363,7.075621,131.626861
11129,3/4,3,0.788064,-0.007408,2.601053,11.272871,199.437338
11130,3/4,22,0.838328,-0.035557,2.549413,11.860053,185.281062
11131,3/4,7,0.500252,-0.038481,1.568307,7.203801,162.433152
11133,3/4,39,0.422991,0.012378,1.431556,6.214379,200.841154
11134,3/4,345,0.465368,0.005991,1.508053,6.635138,191.527613
11135,3/4,51,0.5924,0.01925,1.972354,8.564584,194.412929
11136,3/4,11,0.43059,0.03013,1.438093,6.179566,184.623099
11137,3/4,7,1.832053,0.05537,5.95521,25.205637,109.626172
11138,3/4,51,0.474036,-0.069411,1.461607,6.552073,156.954675
11140,3/4,37,0.200518,-0.015386,0.651991,2.87272,139.555248
11141,3/4,65,0.471746,-0.034736,1.524021,6.812309,155.46391
11142,3/4,36,0.331296,0.110451,1.183331,4.813556,144.073536
11143,3/4,19,0.716374,-0.151711,2.411828,10.258528,127.247762
11144,3/4,72,0.548041,-0.047951,2.050165,8.364981,136.897313
11145,3/4,173,0.47442,-0.036623,1.546178,6.898697,149.987463
11146,3/4,93,0.32252,-0.031436,1.130838,4.619556,142.029758
11147,3/4,9,0.22596,0.002421,0.789491,3.356757,148.236142
11148,3/4,127,0.455661,0.034525,1.533052,6.26981,134.450419
11149,3/4,188,1.755655,-0.020557,5.952921,24.261778,121.340272
11150,3/4,37,0.184066,-0.010142,0.608008,2.57055,103.194676
11151,3/4,46,0.166417,-0.000486,0.500911,2.433847,167.589655
11152,3/4,15,0.125274,0.022581,0.417564,1.752777,179.436641
11153,3/4,3,0.382109,0.218562,1.364276,5.60654,148.422184
11154,3/4,40,0.075744,0.007986,0.267599,1.09652,224.15703
11155,3/4,13,0.058599,0.000077,0.191348,0.852055,109.402557
11156,3/4,43,0.120992,-0.031905,0.379526,1.757895,112.400349
11157,3/4,40,0.085624,-0.001468,0.267838,1.205877,92.975667
11158,3/4,16,0.195037,0.008127,0.690428,2.785641,154.964897
11159,3/4,13,0.034132,0.001916,0.106286,0.493099,195.434847
11161,3/4,130,0.802177,0.014338,2.708916,10.766493,90.95123
11162,3/4,19,0.22994,-0.032259,0.68665,2.735271,102.444035
11163,3/4,128,0.236257,0.001689,0.752548,3.170155,90.18697
11189,3/4,10,0.39726,-0.015238,1.215184,5.794253,194.193982
11190,3/4,69,0.297017,0.050477,0.991838,4.320231,206.894158
11191,3/4,4,0.445217,0.000613,1.507146,6.503606,225.74893
11192,3/4,42,0.429907,-0.008136,1.492189,6.31049,212.1269
11193,3/4,27,0.328577,-0.02007,1.1919,4.736257,219.652714
11194,3/4,74,0.287325,0.013917,1.028215,4.287526,228.424643
11196,3/4,20,0.248377,0.019493,0.811144,3.567331,181.84559
11197,3/4,11,0.216124,-0.010251,0.709373,3.021219,198.68607
11198,3/4,21,0.252378,-0.055945,0.825328,3.567088,128.397541
11199,3/4,537,0.348013,-0.00203,1.208938,5.118421,212.237545
11200,3/4,36,0.5253,-0.019586,1.737255,7.071357,181.184549
11201,3/4,149,0.459948,0.000754,1.463651,6.306686,193.109897
11202,3/4,63,0.425623,-0.014726,1.357884,5.775376,198.102359
11204,3/4,57,0.238469,-0.00316,0.815586,3.293333,128.014426
11205,3/4,16,0.095774,0.006071,0.266189,1.436533,88.099399
11206,3/4,13,0.442717,-0.278937,1.122845,5.056582,256.808488
11207,3/4,17,0.468373,-0.10789,1.305093,5.471768,150.825269
11211,3/4,7,0.669021,0.124977,2.056806,9.203784,174.361724
11212,3/4,5,0.414098,-0.108973,1.357158,5.990387,165.495049
11213,3/4,2,0.104094,-0.037291,0.356604,1.433204,164.316767
11216,3/4,312,0.440765,-0.00231,1.411424,6.353482,190.12089
11217,3/4,3,0.407778,-0.00004,1.458885,6.050336,148.278777
11218,3/4,66,0.320813,-0.029565,1.097417,4.776267,182.471405
11219,3/4,587,0.433854,0.026465,1.488842,6.325865,152.378726
11220,3/4,15,0.442752,0.017608,1.616955,6.609261,217.401719
11221,3/4,8,1.739328,-0.375422,6.08608,23.978284,125.716635
11222,3/4,58,0.628637,0.063384,2.075662,9.023218,142.608212
11224,3/4,38,0.464684,0.001329,1.474371,6.443668,149.601281
11225,3/4,43,0.43226,-0.079486,1.309724,6.167649,140.400489
11226,3/4,36,0.798219,-0.214718,2.984885,11.688519,140.723396
11227,3/4,585,0.417555,0.024834,1.406565,6.078845,149.074897
11228,3/4,11,0.704871,0.1727,2.330763,9.938811,140.268675
11229,3/4,11,0.672035,-0.005335,2.152697,9.659918,161.729684
11230,3/4,223,0.357663,-0.014001,1.243565,5.325856,135.962034
11231,3/4,171,0.423609,-0.013364,1.523495,6.279211,136.65711
11232,3/4,332,0.44806,-0.016104,1.629797,6.760628,131.200839
11234,3/4,366,0.439971,-0.015681,1.397466,6.143311,119.112655
11235,3/4,56,0.421322,0.005479,1.365042,5.685209,129.323507
11236,3/4,96,0.550164,0.004593,1.772183,7.570581,130.395325
11237,3/4,105,0.747199,-0.028226,2.544863,10.359577,84.310982
11238,3/4,142,0.222123,0.001609,0.701523,3.182759,150.023723
11240,3/4,85,0.105003,0.000483,0.361353,1.550344,166.445748
11241,3/4,55,0.200033,0.009319,0.634699,2.813637,95.651121
11242,3/4,31,0.053373,0.008651,0.17008,0.680041,169.729125
11243,3/4,24,0.132082,-0.02467,0.450051,1.925384,116.152732
11244,3/4,45,0.071946,0.007243,0.262368,1.031597,130.165485
11245,3/4,48,0.060524,0.000812,0.200041,0.881188,146.02465
11246,3/4,72,0.081023,-0.006833,0.278059,1.185206,209.235223
11247,3/4,42,0.124902,0.031435,0.385675,1.649063,161.297359
11278,3/4,16,0.415906,-0.002849,1.39527,6.036178,234.09024
11279,3/4,50,0.364349,-0.004571,1.343701,5.49237,222.682613
11280,3/4,79,0.416448,-0.030955,1.321778,5.432232,202.068299
11281,3/4,91,0.25561,-0.012718,0.858802,3.520012,209.841881
11286,3/4,63,0.423922,-0.031672,1.339266,5.857716,160.315612
11287,3/4,96,0.502376,-0.004574,1.675907,6.868445,134.510429
11288,3/4,54,0.323194,0.012648,1.040513,4.613284,180.710117
11291,3/4,18,0.085132,0.005396,0.236613,1.276918,128.310577
11293,3/4,27,0.183601,0.130443,0.505243,2.775474,248.69279
11294,3/4,31,0.427498,-0.041317,1.26349,5.208701,110.691419
11295,3/4,8,0.431647,-0.140276,1.026099,4.935443,148.910916
11298,3/4,27,0.662593,0.018319,2.009752,9.420973,181.632461
11299,3/4,3,0.576479,-0.010406,1.875304,8.235831,157.349132
11300,3/4,4,0.278315,0.116262,0.882255,3.759284,172.32722
11303,3/4,91,1.139949,0.037098,3.494274,15.817379,267.922398
11304,3/4,508,0.460863,0.006161,1.487451,6.563469,190.074386
11305,3/4,413,0.556155,0.022725,1.882069,7.975207,188.714566
11306,3/4,4,1.370121,-0.024678,4.538691,19.092993,124.219777
11307,3/4,50,0.80192,-0.031075,2.760661,11.265519,170.635567
11308,3/4,41,0.583799,-0.027055,2.025796,8.502965,138.222264
11309,3/4,195,0.582865,0.03231,2.055603,8.485337,139.965572
11310,3/4,87,0.526268,-0.043921,1.833119,7.711214,138.618348
11311,3/4,5,1.083061,0.002355,3.194181,15.458108,167.773027
11312,3/4,6,0.715158,0.040362,2.563138,10.606628,146.981109
11313,3/4,3,0.452729,0.010763,1.622877,6.658774,120.164337
11314,3/4,293,0.397376,-0.013621,1.362212,5.764781,136.087823
11315,3/4,68,0.451635,0.069321,1.461255,6.431322,124.442069
11316,3/4,4,0.434237,-0.303087,1.763053,6.559673,132.894617
11317,3/4,1365,0.51572,0.009612,1.758379,7.451745,132.171658
11318,3/4,438,0.490544,-0.013651,1.730085,7.207578,136.880654
11322,3/4,72,0.369268,0.024637,1.270403,5.016759,124.747738
11323,3/4,176,0.259142,0.000137,0.887606,3.739527,147.478908
11325,3/4,5,0.067127,-0.021677,0.235141,0.944922,205.605392
11327,3/4,33,0.147051,-0.023787,0.506301,2.06324,168.065344
11328,3/4,2,0.098511,0,0.352814,1.467599,121.844919
11329,3/4,27,0.09217,-0.025437,0.294971,1.295575,138.096093
11330,3/4,4,1.530837,-0.321276,5.530501,21.621116,45.479707
11370,3/4,5,0.28921,-0.029802,0.933935,4.142853,214.013388
11371,3/4,11,0.315558,-0.010737,1.072763,4.684426,204.263633
11372,3/4,6,0.502704,0.00189,1.763651,7.441,207.997266
11376,3/4,11,0.307691,-0.010775,1.03699,4.484463,204.505039
11377,3/4,27,0.522316,-0.00881,1.772872,7.496288,213.607298
11378,3/4,48,0.391539,-0.001937,1.34477,5.765894,208.926896
11379,3/4,30,0.403119,-0.001105,1.301337,5.536051,208.29843
11383,3/4,126,0.341808,-0.01163,1.146059,4.948954,167.185415
11384,3/4,98,0.34265,0.009418,1.079434,4.740573,194.881583
11391,3/4,28,0.283371,-0.007671,0.839831,3.952624,154.312992
11396,3/4,1,1.644795,0.612597,4.841976,22.756261,267.102408
11397,3/4,939,0.353652,-0.010018,1.179722,4.978053,174.328926
11398,3/4,144,0.369489,0.01862,1.248309,5.394201,191.867776
11399,3/4,470,0.487399,-0.021517,1.571923,7.079763,160.765269
11400,3/4,282,0.573988,0.022903,2.067158,8.536037,141.689567
11401,3/4,194,0.56578,0.00786,2.02928,8.322367,135.339826
11406,3/4,306,0.522371,0.059088,1.747846,7.135842,123.377755
11408,3/4,24,1.225592,0.167791,4.167741,16.16805,54.871166
11409,3/4,98,0.285205,0.007882,0.930492,3.830938,153.432751
11453,3/4,9,0.401013,0.014874,1.373993,5.895893,204.468218
11456,3/4,100,0.303064,0.016239,1.006112,4.433267,204.406372
11457,3/4,14,0.509956,-0.060205,1.672158,7.042228,216.836992
11471,3/4,9,0.17746,-0.010793,0.473226,2.705333,130
11475,3/4,31,1.132499,-0.108239,3.630011,15.351836,168.249963
11476,3/4,13,1.595715,0.109044,5.093007,21.951117,252.735246
11477,3/4,4,1.090773,0.259169,3.882617,15.465551,232.803303
11478,3/4,94,0.578144,0.130527,1.932773,7.804858,201.630953
11479,3/4,380,0.845336,-0.048354,2.553582,11.847658,155.159445
11480,3/4,18,0.023,0.001388,0.078956,0.332312,155.40363
11481,3/4,671,0.5037,0.026845,1.693212,7.242705,141.458456
11482,3/4,62,0.555909,-0.010907,1.86587,7.953262,148.300458
11483,3/4,27,0.410441,0.042506,1.50832,6.242956,125.061526
11484,3/4,43,0.255608,0.02557,0.919264,3.788259,140.909389
11485,3/4,469,0.341644,-0.0138,1.153296,5.016063,147.570087
11486,3/4,42,0.450239,-0.088169,1.533067,6.551358,138.320022
11487,3/4,249,0.555725,0.017205,1.915612,8.042662,136.128438
11488,3/4,47,0.483759,-0.010573,1.657454,6.970837,120.058089
11489,3/4,10,0.309991,0.012197,1.010217,4.326576,139.358401
11490,3/4,3,0.490515,0.003119,1.743596,7.213797,131.260772
11540,3/4,5,0.321037,0.02266,1.123316,4.705198,207.420436
11544,3/4,62,0.392299,-0.011271,1.391393,5.811997,226.110925
11545,3/4,60,0.421033,0.003952,1.401733,5.724835,217.423491
11559,3/4,2,0.556887,0.018132,1.849904,7.666751,216.738392
11566,3/4,415,1.483711,-0.129179,4.783623,19.98536,199.281474
11568,3/4,241,0.493554,0.015015,1.7205,6.993338,199.928614
11569,3/4,26,0.888138,0.149068,3.044947,12.263446,191.979568
11570,3/4,1,0.323206,0.065078,1.302808,3.54244,137.824938
11571,3/4,576,0.467184,0.041044,1.468765,6.703925,158.840585
11572,3/4,28,0.509123,-0.005914,1.748333,7.389503,121.478416
11573,3/4,269,0.545914,-0.012651,1.847842,7.937259,134.295564
11574,3/4,356,0.580927,-0.034538,1.933191,8.310975,154.172335
11576,3/4,188,0.4224,0.008552,1.333604,6.162008,157.008765
11577,3/4,225,0.348703,0.017089,1.126137,5.211634,157.645275
11578,3/4,170,0.439425,-0.0107,1.521631,6.377816,151.233314
11579,3/4,42,0.52521,-0.036361,1.626566,7.499732,117.556781
11580,3/4,91,0.625381,0.01432,2.21569,9.148402,134.553061
11646,3/4,120,0.315483,0.023091,1.104195,4.547823,211.044791
11647,3/4,68,0.369236,-0.002306,1.210221,5.351075,201.192356
11668,3/4,82,0.691745,0.114533,2.254052,9.680765,177.112693
11670,3/4,325,1.429687,-0.181376,4.716568,18.87475,163.991206
11671,3/4,62,1.593259,-0.096833,4.980952,21.092979,261.464483
11672,3/4,22,0.554124,0.171903,1.707545,7.95645,187.360124
11673,3/4,2,0.467814,-0.0315,1.767708,7.065108,130.582752
11674,3/4,36,0.359176,-0.024543,1.274376,5.303711,143.619178
11675,3/4,1043,0.469158,-0.014553,1.625231,6.888079,146.337204
11676,3/4,665,0.592502,0.019768,2.00975,8.492144,144.870222
11677,3/4,239,0.453794,0.006135,1.517304,6.593926,158.026624
11678,3/4,17,0.865087,-0.092319,2.855974,12.35811,116.985281
11679,3/4,4,0.670596,0.029412,2.337387,9.79044,130.299553
11680,3/4,2,1.246669,-0.474216,4.177471,17.606376,146.517989
11722,3/4,12,0.38862,-0.002447,1.272486,5.621576,201.086252
11746,3/4,52,0.486368,0.020588,1.537019,6.805585,183.360028
11747,3/4,140,0.591298,0.008661,1.885354,8.449548,178.88716
11748,3/4,150,1.402088,-0.153808,4.281957,18.313635,234.763439
11749,3/4,42,0.963477,0.232299,3.220131,13.453956,230.667109
11750,3/4,29,0.531345,0.032531,1.827354,7.609934,127.965546
11752,3/4,39,0.466235,-0.009022,1.55585,7.072852,161.294578
11753,3/4,513,0.464031,0.019504,1.546314,6.77678,160.467778
11754,3/4,43,0.514889,0.09943,1.726714,7.363258,186.090388
11755,3/4,6,0.35835,0.050789,1.311289,5.162705,163.382004
11756,3/4,25,0.442992,-0.018938,1.509292,6.582159,152.718491
11757,3/4,36,0.438804,-0.056336,1.527851,6.498214,145.937729
11842,3/4,81,0.644627,-0.003888,2.046766,9.309096,193.014952
11843,3/4,250,1.903244,-0.019057,6.345077,25.651546,112.799854
11844,3/4,63,1.030029,0.19804,3.204176,14.388671,246.063553
11845,3/4,5,0.482801,0.027182,1.790689,7.372778,127.646781
11846,3/4,592,0.533707,0.002529,1.759856,7.666132,153.367315
11847,3/4,13,0.304078,0.096832,1.041414,4.146486,167.159446
11848,3/4,20,1.626226,0.054542,5.410372,21.83641,232.80134
11849,3/4,207,1.667787,-0.189517,5.231148,21.712765,223.214848
11850,3/4,132,1.578364,-0.142434,5.15797,20.833846,203.873796
11851,3/4,543,0.548331,0.023464,1.883992,7.949338,152.223955
11852,3/4,27,0.412773,0.012179,1.407893,5.995003,138.204907
11943,3/4,817,0.627619,0.035668,2.024543,8.817409,180.17232
11944,3/4,133,0.608281,0.043684,1.973519,8.695214,177.125392
11945,3/4,15,0.783279,0.080378,2.524819,11.164876,170.742782
11946,3/4,57,0.721721,0.141878,2.422232,10.14847,171.954289
11947,3/4,10,1.211101,0.185272,3.371551,16.745807,257.154945
11948,3/4,32,0.452945,-0.046424,1.44126,6.352881,170.632238
11949,3/4,31,0.409711,-0.047944,1.290531,5.979562,162.954405
11950,3/4,2,0.645779,-0.171267,2.543702,9.944131,136.631014
11951,3/4,97,0.710283,-0.080381,2.331451,10.023046,151.848696
11952,3/4,175,1.404233,-0.141816,4.438436,18.554965,226.686263
12041,3/4,33,0.456368,-0.008458,1.396577,6.590419,173.433383
12042,3/4,47,0.445406,-0.037376,1.422782,6.481325,188.442835
12043,3/4,12,0.68073,0.202325,2.339873,9.618379,167.571566
12044,3/4,55,0.765747,0.107463,2.313381,10.44384,193.734162
12045,3/4,35,0.586897,0.22342,1.803018,7.60115,231.155015
12046,3/4,3,1.558513,-0.337022,4.430677,20.023119,116.050378
12047,3/4,71,2.19211,-0.091778,7.068331,28.869875,103.434052
12048,3/4,28,0.604557,-0.022276,1.956546,8.044015,186.609629
12093,3/4,86,0.22028,-0.004495,0.683358,3.109329,164.358729
12114,3/4,1,0.715197,-0.346044,2.589571,10.390663,159.439541
12115,3/4,4,1.058815,-0.042975,3.113441,14.890605,158.710369
12116,3/4,50,0.667538,0.05206,2.442671,9.918881,156.304187
12117,3/4,91,1.998126,-0.12232,6.207009,26.390511,115.246599
12186,3/4,2,1.165455,-0.172354,3.123866,16.201368,155.951801
12187,3/4,131,0.593342,0.132824,1.932931,8.401915,150.793281
12189,3/4,52,0.625738,0.109775,2.056945,8.740069,160.356511
12190,3/4,2,1.160442,-0.05222,3.817927,15.83746,182.553021
12227,3/4,146,0.204941,-0.000572,0.676702,2.912583,186.409679
12248,3/4,41,0.464058,0.027323,1.462784,6.638437,194.295852
12249,3/4,6,0.885801,0.075065,2.604599,12.466601,179.489494
12250,3/4,386,0.516233,0.020055,1.6869,7.434195,161.069655
12251,3/4,213,0.548834,-0.002934,1.735314,7.850546,178.85336
12318,3/4,156,0.552351,-0.010079,1.778161,7.921036,188.053948
12321,3/4,93,0.576404,0.101736,1.896552,8.194072,162.641347
12389,3/4,7,0.463252,0.054401,1.609505,6.754511,153.740803
12392,3/4,75,0.428528,0.060356,1.366389,5.777087,135.718233
14027,3/4,1841,0.51579,0.000056,1.715444,6.868569,188.058504
14028,3/4,202,1.093909,0.227911,3.587932,14.482719,265.433498
14043,3/4,1764,0.055068,-0.008302,0.179442,0.742371,179.592324
14044,3/4,22,0.133831,0.045544,0.459441,1.764527,79.882135
14045,3/4,21,0.166427,0.04718,0.511967,2.277747,154.407135
14046,3/4,43,0.220783,0.001338,0.709295,3.219419,93.37048
14047,3/4,3,0.075394,-0.001489,0.294375,1.216629,44.524382
14048,3/4,40,0.11853,0.000405,0.419818,1.75883,239.018424
14049,3/4,35,0.090022,-0.010158,0.299084,1.233785,278.088864
14050,3/4,30,0.293002,-0.006173,0.896382,4.269515,166.677788
14052,3/4,21,0.060315,0.018794,0.211879,0.805511,284.062546
14053,3/4,31,0.201084,0.007145,0.750319,3.044293,142.707081
14054,3/4,6,0.076284,-0.046676,0.242329,0.776922,234.962384
14055,3/4,22,0.108874,0.022227,0.332894,1.512858,164.911348
14056,3/4,21,0.098601,-0.009389,0.374346,1.4979,119.06633
14057,3/4,33,0.093881,-0.01715,0.316399,1.332589,98.52798
14058,3/4,27,0.054408,-0.000959,0.151566,0.817169,183.518099
14059,3/4,32,0.291136,-0.050612,1.016705,4.312202,140.46634
14066,3/4,6,0.28097,-0.019474,0.978221,3.94681,189.022124
14068,3/4,34,0.196415,-0.016252,0.589629,2.534509,187.838662
14072,3/4,21,0.075884,0.016004,0.247855,1.074144,223.001731
14076,3/4,28,0.087881,-0.000916,0.299245,1.284436,154.175461
14077,3/4,24,0.136029,0.003017,0.479915,2.011092,150.029956
14078,3/4,27,0.279521,0.005747,0.840521,4.066697,187.019914
14080,3/4,21,0.070025,-0.002632,0.194839,1.054333,269.393772
14082,3/4,27,0.24911,0.006348,0.866952,3.652666,157.846988
14083,3/4,10,0.094562,0.016835,0.278638,1.337019,168.771719
14084,3/4,54,0.286525,-0.007068,0.852577,4.180044,199.40922
14085,3/4,42,0.412564,-0.028101,1.204247,5.842135,125.957437
14086,3/4,28,0.477302,-0.041232,1.483634,5.396487,159.350376
14090,3/4,6,0.206959,0.148622,0.651901,2.654673,154.561609
14093,3/4,10,1.416752,0.575277,4.50002,19.250808,103.291749
14094,3/4,34,0.425473,0.022226,1.377839,6.143828,168.915664
14096,3/4,66,0.980776,-0.032171,3.326519,13.762004,233.349823
14097,3/4,2,1.173591,-0.221543,3.593792,16.479434,180.374236
14098,3/4,30,0.710054,0.035846,2.015757,10.370179,181.284598
14101,3/4,23,0.6197,0.103526,1.943072,8.693603,116.2796
14102,3/4,5,0.217669,0.038468,0.660558,3.203181,170.19709
14104,3/4,46,0.127269,-0.006129,0.391846,1.861807,168.058244
14106,3/4,20,0.32549,-0.008596,0.939635,4.684441,194.029458
14110,3/4,138,0.310011,-0.009084,1.132692,4.678381,218.219318
14111,3/4,1,1.641469,-0.063358,5.650869,22.173401,114.013266
14112,3/4,24,0.784842,0.113802,2.695778,11.243553,132.813961
14116,3/4,51,0.258705,-0.009718,0.834514,3.397495,213.708297
14117,3/4,37,0.111627,0.004609,0.349096,1.583614,123.929875
14118,3/4,3,0.278416,-0.053748,0.907408,4.033172,201.622533
14126,3/4,22,0.450906,0.048376,1.414797,6.48568,103.684086
14129,3/4,111,0.410495,-0.01034,1.358948,5.861777,197.617287
14130,3/4,46,0.527166,-0.057369,1.813253,7.361902,144.338125
14131,3/4,47,0.349266,0.011351,1.056237,4.801022,215.455094
14132,3/4,25,0.660147,0.012934,2.304624,9.678791,120.213554
14133,3/4,42,0.505877,-0.004822,1.670638,6.694317,156.438566
14134,3/4,38,0.48751,-0.015605,1.626183,7.01957,117.929386
14135,3/4,20,0.426505,0.006597,1.612053,6.54851,218.965822
14136,3/4,40,0.378879,0.035798,1.164124,5.249917,271.84761
14137,3/4,39,0.419702,-0.056192,1.404518,5.834036,219.475055
14138,3/4,15,0.401314,-0.092101,1.286864,5.044702,199.647357
14139,3/4,34,0.253922,0.061722,0.834247,3.369485,194.658185
14140,3/4,44,0.13223,-0.01958,0.409705,1.915042,233.987387
14142,3/4,6,0.193061,-0.065003,0.554834,1.919567,291.009659
14143,3/4,10,0.294056,-0.014464,1.00162,3.970389,233.519727
14144,3/4,27,0.224052,-0.008401,0.667778,3.283307,191.393005
14147,3/4,6,0.369997,-0.013457,1.361567,5.604686,216.185057
14148,3/4,6,0.437913,-0.011771,1.480527,6.377939,204.009964
14149,3/4,6,0.475345,0.039346,1.743499,7.135102,227.491722
14150,3/4,110,0.536237,-0.015017,1.637716,7.713769,180.08536
14151,3/4,40,0.30682,-0.016285,0.944495,4.411721,152.579069
14154,3/4,35,0.264467,0.000424,0.816428,3.700488,119.454705
14156,3/4,47,0.131679,-0.011528,0.388933,1.830358,106.416376
14158,3/4,63,0.13362,-0.008881,0.456934,1.894916,108.766159
14159,3/4,4,0.244578,0,0.838347,3.576189,206.535416
14161,3/4,35,0.563787,0.070594,1.680782,8.119001,171.749756
14162,3/4,36,0.536793,0.028335,1.845035,7.81607,239.767012
14163,3/4,35,0.787169,0.013101,2.845473,11.499728,138.393364
14164,3/4,29,0.330778,0.004136,1.238139,5.052875,217.391584
14172,3/4,43,0.496081,-0.002987,1.543665,7.216699,193.426843
14173,3/4,46,0.496346,-0.019475,1.678627,7.290078,154.909531
14175,3/4,304,0.505361,-0.000803,1.734212,7.380292,145.874833
14176,3/4,17,0.355113,-0.093587,1.317572,5.214764,113.558414
14177,3/4,5,0.195107,-0.000568,0.607741,2.84486,193.895825
14178,3/4,41,0.473549,-0.026563,1.542895,6.87062,164.146113
14179,3/4,5,0.324879,0.036795,1.036648,4.812163,99.979983
