featid,tile,cells_5,tr_st_min_5,tr_st_max_5,tr_st_mean_5,tr_st_sd_5
9731,3/4,40,31.375726,33.191745,32.765036,0.343684
9736,3/4,86,31.971834,33.431366,32.887843,0.242903
9742,3/4,59,31.168704,32.92319,32.380943,0.45905
9743,3/4,209,31.877805,35.653862,33.251153,0.642028
9748,3/4,135,33.085614,36.12287,35.13081,0.711417
9749,3/4,237,33.808794,35.875384,34.542759,0.311599
9750,3/4,377,34.013232,36.482688,34.588995,0.449953
9753,3/4,175,34.332251,35.875191,35.362802,0.371355
9754,3/4,181,31.899039,35.177674,34.137248,0.667649
9757,3/4,121,34.969787,36.536568,35.883212,0.450886
9758,3/4,87,33.829034,36.549704,35.109102,0.677864
9760,3/4,20,32.065931,34.344174,33.312394,0.773921
9765,3/4,562,35.565889,37.23295,36.452642,0.195363
9766,3/4,246,35.129138,36.644797,36.253406,0.437986
9767,3/4,37,34.497921,36.439827,35.442299,0.46683
9768,3/4,416,30.982815,35.090181,33.86669,0.632123
9769,3/4,2,33.987951,33.999925,33.993938,0.008467
9777,3/4,24,34.392749,35.204881,35.009632,0.198031
9784,3/4,257,34.038295,37.030941,36.3451,0.845683
9785,3/4,23,34.561682,35.190989,34.889834,0.179598
9786,3/4,25,31.446616,32.596743,31.788639,0.283917
9790,3/4,39,35.468251,36.687157,36.50586,0.281026
9791,3/4,26,34.45618,35.478069,34.887627,0.306265
9792,3/4,16,28.025203,31.801463,30.388753,1.026167
9793,3/4,2,31.470942,31.555851,31.513397,0.06004
9800,3/4,5075,29.499362,48.329185,36.236128,3.226553
9801,3/4,34,31.864418,33.318905,32.706075,0.363775
9802,3/4,54,32.931016,33.935262,33.463173,0.274439
9808,3/4,281,36.561514,38.362285,37.44795,0.419223
9809,3/4,715,26.071043,37.307828,31.302587,3.224092
9810,3/4,31,35.973351,36.992518,36.530308,0.304402
9811,3/4,67,33.434754,35.162726,34.486318,0.450507
9812,3/4,92,31.298484,33.811846,32.794973,0.627383
9817,3/4,4,36.874025,36.992295,36.938708,0.052323
9818,3/4,52,34.506732,35.965247,35.349742,0.407909
9819,3/4,89,31.834545,33.795872,32.749645,0.448702
9820,3/4,13,28.32953,31.872961,29.642518,0.918574
9825,3/4,142,36.636767,39.296038,38.730333,0.385072
9826,3/4,36,36.734766,38.002034,37.25576,0.434088
9827,3/4,109,33.714317,36.22272,35.20579,0.57577
9828,3/4,227,30.336133,35.031383,32.836708,1.326179
9830,3/4,25,30.525619,32.524022,31.498994,0.644403
9831,3/4,50,30.860197,32.349202,31.565897,0.367663
9835,3/4,11,37.837557,38.193011,38.036308,0.112462
9837,3/4,130,32.643248,38.201845,36.544734,1.555285
9838,3/4,125,29.921053,36.345164,33.481507,1.573883
9839,3/4,137,29.191771,35.238751,33.150024,1.593644
9840,3/4,2,35.02823,35.104853,35.066542,0.054181
9841,3/4,2,35.139543,35.180492,35.160018,0.028956
9842,3/4,15,30.092695,32.213167,31.098403,0.7032
9843,3/4,48,28.948282,32.090174,30.43889,0.962746
9844,3/4,17,27.375927,30.025764,28.50862,0.651817
9851,3/4,82,39.272392,40.515766,39.703935,0.263822
9852,3/4,92,36.475001,41.187873,39.083175,1.178241
9853,3/4,28,38.070905,38.445484,38.270387,0.1279
9854,3/4,12,38.090898,38.370739,38.280447,0.089905
9855,3/4,6,37.087482,37.75311,37.355101,0.258886
9856,3/4,30,31.380555,33.090254,32.148831,0.446139
9857,3/4,389,26.880209,32.831623,29.303895,1.250897
9858,3/4,17,34.641358,35.094236,34.91181,0.132607
9859,3/4,4,31.314254,31.458394,31.410054,0.065371
9863,3/4,137,38.345254,41.266339,40.020668,0.696209
9864,3/4,76,36.417182,38.821797,37.97302,0.604575
9865,3/4,145,32.090096,36.099794,33.568422,0.934508
9866,3/4,13,27.457209,28.002785,27.733125,0.162387
9867,3/4,26,28.887097,29.665299,29.190615,0.209273
9868,3/4,4,34.41524,34.645111,34.530176,0.098921
9869,3/4,24,34.493948,35.060237,34.639126,0.128406
9870,3/4,29,29.890003,31.299115,30.471557,0.322732
9871,3/4,60,26.954743,30.241579,27.96981,1.06618
9873,3/4,245,23.737998,28.882129,26.919183,1.045285
9875,3/4,30,40.645621,41.328384,41.051519,0.199398
9876,3/4,25,36.58444,38.627675,37.576971,0.61147
9878,3/4,2,36.202795,36.321531,36.262163,0.08396
9879,3/4,5,33.393849,36.128775,34.738493,1.172406
9880,3/4,34,30.390765,32.079412,31.181877,0.441908
9881,3/4,4,31.694179,32.147929,31.921054,0.186741
9883,3/4,189,26.850739,31.907843,28.409995,1.034598
9884,3/4,22,27.679759,30.105295,28.512625,0.707625
9885,3/4,23,29.262095,29.769698,29.563978,0.156802
9889,3/4,233,33.759042,40.877779,38.648908,1.909144
9890,3/4,19,37.087208,39.17003,38.192301,0.581787
9891,3/4,66,33.932564,38.174525,36.133487,1.026776
9893,3/4,82,33.424816,36.770672,34.944506,0.844185
9894,3/4,1,32.200173,32.200173,32.200173,
9895,3/4,45,28.153853,28.842578,28.473485,0.167726
9896,3/4,1,31.417453,31.417453,31.417453,
9897,3/4,31,30.857377,32.226658,31.53921,0.325855
9899,3/4,9,27.590659,28.599243,28.080382,0.24997
9900,3/4,10266,36.37257,63.155887,45.457693,4.122532
9901,3/4,37,40.913157,41.421529,41.171979,0.138774
9902,3/4,2,32.123329,32.268811,32.19607,0.102872
9903,3/4,3,30.220071,30.436365,30.337957,0.109455
9904,3/4,150,29.311157,32.358397,30.779275,1.021977
9905,3/4,156,27.21542,29.260771,28.159134,0.565411
9906,3/4,41,27.90397,28.659841,28.19342,0.153675
9907,3/4,246,27.03308,28.984726,27.998814,0.502784
9908,3/4,23,27.49393,28.967215,28.328189,0.443795
9909,3/4,169,59.259943,64.312558,60.977362,0.795654
9910,3/4,30,41.020114,41.757764,41.476854,0.180307
9911,3/4,8,32.421287,33.435023,32.931435,0.350409
9912,3/4,78,31.320571,34.180354,32.254475,0.596412
9914,3/4,6,30.247444,31.105186,30.710945,0.329304
9915,3/4,36,29.214165,30.959166,29.967154,0.491075
9916,3/4,27,27.861611,28.642524,28.195564,0.233201
9917,3/4,46,27.665398,29.002599,28.468739,0.322526
9918,3/4,9,28.402433,28.655389,28.561279,0.07432
9919,3/4,3,28.631064,29.017937,28.8245,0.193437
9920,3/4,5064,14.222677,30.033879,22.373193,2.584587
9921,3/4,7,40.564685,40.838081,40.698032,0.105026
9922,3/4,39,40.692715,41.450661,41.057277,0.194314
9923,3/4,38,32.360919,35.850958,33.70206,0.9632
9924,3/4,8,30.885943,31.975146,31.450311,0.365669
9925,3/4,29,29.424202,31.199548,30.167155,0.539812
9926,3/4,24,29.380852,30.038324,29.693791,0.17779
9927,3/4,26,27.385167,28.739645,28.354616,0.32193
9928,3/4,30,27.973507,29.077716,28.504091,0.281107
9929,3/4,116,40.95211,42.279441,41.69313,0.329274
9930,3/4,22,40.492002,41.255794,40.855544,0.221415
9931,3/4,7,32.876703,34.045274,33.427736,0.403063
9932,3/4,114,30.935021,32.650649,31.892839,0.451209
9934,3/4,173,28.783832,32.380198,30.292181,1.086419
9936,3/4,78,28.275044,28.817524,28.525959,0.102002
9937,3/4,24,28.091674,28.912042,28.61274,0.169758
9938,3/4,35,28.163019,28.533771,28.359253,0.096173
9939,3/4,39,26.175875,30.237969,29.156331,1.164375
9940,3/4,3,40.199602,40.278225,40.237923,0.039349
9941,3/4,26,40.327631,41.024793,40.672814,0.191326
9942,3/4,3,34.293717,34.806831,34.54757,0.256599
9943,3/4,19,31.798677,32.907941,32.345426,0.313775
9944,3/4,132,31.676791,35.297167,33.75905,1.085936
9945,3/4,33,28.928881,30.759273,29.871581,0.621943
9946,3/4,84,28.230958,28.887637,28.488145,0.191874
9947,3/4,508,15.845388,27.060391,24.158297,2.719541
9948,3/4,367,26.469464,31.360703,28.767741,1.28959
9949,3/4,59,39.517777,40.713388,40.304843,0.218564
9950,3/4,6,35.708804,36.673843,36.210326,0.33817
9951,3/4,174,34.460258,41.00337,36.508105,1.173004
9952,3/4,71,30.242263,32.677247,31.746288,0.655843
9953,3/4,61,28.277021,28.537331,28.401467,0.065991
9954,3/4,47,20.008366,23.045632,21.744945,0.743618
9955,3/4,468,20.876086,25.536435,23.167956,0.963763
9956,3/4,1,26.355045,26.355045,26.355045,
9957,3/4,555,24.018756,28.541938,27.115542,0.679169
9958,3/4,350,42.09092,46.484399,44.263484,1.332621
9959,3/4,3,40.82408,40.915768,40.866757,0.046171
9960,3/4,2,40.339419,40.62036,40.479889,0.198656
9961,3/4,85,33.11895,35.763369,34.407515,0.733182
9962,3/4,107,31.354593,33.36551,32.306322,0.47133
9963,3/4,99,28.629847,31.973462,30.163208,1.140152
9964,3/4,33,29.798159,30.970864,30.457794,0.325151
9965,3/4,185,28.342291,31.41506,29.714717,0.695458
9966,3/4,394,25.620857,28.738508,27.205109,0.826608
9967,3/4,903,24.088393,30.107359,28.051934,1.382139
9968,3/4,7,24.677082,28.308019,27.176963,1.3922
9969,3/4,41,23.702544,26.184926,24.962251,0.595346
9970,3/4,221,26.557204,28.880787,28.07106,0.483014
9971,3/4,361,41.707452,46.007295,44.144964,1.255733
9972,3/4,204,38.634524,44.391675,41.967012,1.298412
9973,3/4,30,40.212866,40.966555,40.7214,0.163146
9974,3/4,13,37.065009,39.996576,38.250583,1.092233
9975,3/4,302,31.519404,39.738319,35.01429,1.629119
9976,3/4,179,32.330887,33.806803,33.139689,0.365823
9977,3/4,18,32.53295,33.327821,32.891006,0.254604
9978,3/4,1,32.542294,32.542294,32.542294,
9979,3/4,1,28.48398,28.48398,28.48398,
9980,3/4,33,28.485743,28.754673,28.587742,0.067717
9981,3/4,256,28.344954,30.722006,29.34528,0.470944
9982,3/4,74,25.723831,28.4281,26.850172,0.74841
9983,3/4,63,26.596166,28.417209,26.929491,0.38263
9984,3/4,12,28.261587,28.594741,28.420313,0.11056
9985,3/4,236,27.321097,28.882771,28.134487,0.287751
9986,3/4,66,27.610381,28.102054,27.874841,0.137752
9987,3/4,91,28.618296,31.38621,29.970246,0.904315
9988,3/4,96,28.484719,31.334862,30.239915,0.836128
9989,3/4,156,40.822418,47.212951,44.84499,1.981086
9990,3/4,19,45.797532,46.043452,45.903266,0.071333
9991,3/4,116,31.321885,34.258676,33.369881,0.826746
9992,3/4,12,32.054744,32.803629,32.350055,0.227415
9993,3/4,6,30.788728,31.896931,31.330335,0.393189
9994,3/4,42,29.700791,30.960667,30.372386,0.346567
9995,3/4,19,28.438043,29.423892,28.917508,0.326346
9996,3/4,2,28.635457,28.766971,28.701214,0.092995
9997,3/4,48,28.236597,28.564982,28.364837,0.087924
9998,3/4,3,28.456606,28.535031,28.495819,0.039213
9999,3/4,36,27.222656,28.509681,28.256797,0.33461
10001,3/4,6,26.370089,26.959918,26.632878,0.225133
10003,3/4,211,27.159142,29.006898,28.312119,0.426811
10004,3/4,175,26.443888,28.14415,27.249932,0.325872
10005,3/4,214,25.087705,28.069843,27.396221,0.561701
10006,3/4,22,28.041106,28.596808,28.343365,0.158719
10007,3/4,5,27.883569,28.082651,27.974801,0.079513
10008,3/4,155,29.079579,33,29.995144,0.549288
10009,3/4,286,41.763204,48.340625,45.068361,1.988387
10010,3/4,90,45.829643,46.213733,46.072078,0.078384
10011,3/4,85,38.892714,45.808093,42.266959,2.723778
10012,3/4,364,31.886875,44.65959,37.687327,3.700889
10013,3/4,457,31.354869,36.099876,33.454875,1.660033
10014,3/4,44,32.343518,33.948306,33.626608,0.289758
10015,3/4,26,31.731267,32.478879,32.118266,0.199538
10017,3/4,52,30.819627,33.635316,31.715289,0.807326
10018,3/4,3,32.810991,33.268021,33.083671,0.240979
10019,3/4,160,31.007517,31.759917,31.340748,0.204956
10020,3/4,18,28.47786,28.833248,28.590208,0.113941
10021,3/4,130,27.386775,28.947706,28.341477,0.390391
10022,3/4,116,26.107306,28.832342,27.296235,0.69129
10023,3/4,363,26.393253,28.626612,27.944594,0.539643
10024,3/4,93,28.613718,29.947389,29.124843,0.323533
10025,3/4,33,26.980845,29.022127,27.862928,0.618359
10026,3/4,330,27.537374,28.833183,27.839069,0.186739
10027,3/4,190,28.076653,29.862672,29.252918,0.37849
10028,3/4,13,27.748851,29.193368,28.370387,0.536336
10029,3/4,49,28.445837,29.975512,29.018714,0.369547
10030,3/4,189,46.349154,50.128481,48.534804,0.975588
10031,3/4,264,39.772485,42.400142,41.393938,0.590211
10032,3/4,40,39.377937,46.018119,42.606283,2.145702
10033,3/4,131,37.337827,46.113243,39.039317,1.923752
10034,3/4,23,46.054472,46.322509,46.173305,0.068016
10035,3/4,231,32.632947,44.714018,38.282047,3.119571
10036,3/4,214,36.092881,45.709918,40.540788,3.284509
10037,3/4,3,33.813523,33.919133,33.864763,0.052875
10038,3/4,21,33.780129,34.155219,34.002159,0.10483
10039,3/4,113,30.14375,31.389569,30.803311,0.31843
10040,3/4,7,28.660494,28.915871,28.85154,0.091404
10041,3/4,14,25.929511,26.668227,26.158829,0.223579
10042,3/4,14,25.851081,27.236961,26.52475,0.464047
10043,3/4,79,28.579863,29.894505,29.001596,0.352935
10044,3/4,837,25.329139,31.054833,27.977472,1.053678
10045,3/4,166,27.722902,29.231526,28.654932,0.443887
10046,3/4,170,29.62325,33,30.648456,1.228878
10048,3/4,63,44.986427,49.865635,47.601515,1.350487
10049,3/4,174,41.123044,45.24427,42.594212,1.117816
10050,3/4,9,38.60387,40.99444,39.588682,0.836667
10051,3/4,30,41.153251,45.557022,44.003279,1.105695
10052,3/4,518,33.741315,40.056294,37.047923,1.214929
10053,3/4,22,43.540984,44.472904,43.948651,0.223263
10054,3/4,47,32.124699,34.378118,32.807993,0.550252
10055,3/4,446,31.17426,35.747088,33.184383,1.266249
10056,3/4,25,30.065981,31.485807,31.076717,0.425881
10057,3/4,265,28.252695,30.459473,29.392627,0.445223
10058,3/4,278,26.590786,28.837059,27.940816,0.475564
10059,3/4,174,28.681177,30.000803,29.201227,0.281415
10060,3/4,654,27.947655,38.39911,33.386256,2.453108
10061,3/4,114,29.748162,31.284207,30.626417,0.403428
10062,3/4,3318,25.401624,43.932085,34.156323,4.191957
10063,3/4,40,27.600122,29.749735,28.707734,0.663965
10064,3/4,13,42.008334,44.622827,43.096166,0.86391
10065,3/4,6,43.076616,45.56251,44.424942,0.911701
10066,3/4,285,35.397813,41.235969,38.109809,1.513533
10067,3/4,47,37.346082,38.885047,37.890763,0.419271
10068,3/4,213,37.104386,41.578418,38.608162,0.809037
10069,3/4,112,36.213909,39.328508,37.19844,0.392111
10070,3/4,24,33.376632,36.473595,35.319127,0.927994
10071,3/4,221,33.757841,37.847364,36.625512,0.639394
10072,3/4,5,35.480971,35.7046,35.584919,0.088698
10073,3/4,2,35.799336,35.894072,35.846704,0.066988
10074,3/4,6,28.459516,28.724249,28.591883,0.103436
10075,3/4,33,28.761034,29.337933,29.15192,0.173111
10076,3/4,6,28.58748,28.82323,28.741989,0.084438
10077,3/4,132,26.807424,30.479649,28.451103,0.890423
10078,3/4,242,29.276128,30.744343,29.973059,0.301064
10079,3/4,26,29.920644,30.765666,30.201051,0.237228
10080,3/4,13,31.325549,31.67586,31.475529,0.119119
10081,3/4,22,31.310628,32.861999,31.760929,0.446436
10082,3/4,409,29.481142,34.970689,32.101463,1.728666
10083,3/4,3,29.227523,29.258251,29.242887,0.015364
10084,3/4,1,27.738005,27.738005,27.738005,
10085,3/4,784,28.005929,34.988096,32.21125,2.070848
10086,3/4,13,28.512718,29.300234,28.892,0.235588
10087,3/4,26,29.598755,30.012464,29.854622,0.099321
10088,3/4,122,29.607532,33,30.666507,1.381789
10089,3/4,26,46.648458,49.653946,48.788925,0.703472
10090,3/4,124,41.268186,48.08962,44.907175,1.648605
10091,3/4,10,43.959386,46.064526,44.759411,0.663923
10092,3/4,50,41.367334,42.549709,42.111271,0.340283
10093,3/4,142,36.701601,41.071606,38.158988,1.03229
10094,3/4,27,33.774696,36.524626,35.285518,0.932126
10095,3/4,30,35.438422,35.910583,35.700428,0.13605
10096,3/4,44,35.562393,36.188361,35.861126,0.153315
10097,3/4,58,34.831673,36.564881,35.752297,0.474244
10098,3/4,101,29.308802,31.629472,31.04719,0.588548
10099,3/4,154,30.998032,32.235254,31.649594,0.296514
10100,3/4,2,29.254761,29.598535,29.426648,0.243085
10101,3/4,31,28.847886,29.98377,29.250273,0.312722
10102,3/4,294,27.406529,31.248773,28.437328,0.56162
10103,3/4,73,28.570354,29.929551,29.121986,0.349568
10104,3/4,408,29.457378,32.363716,31.151354,0.635686
10105,3/4,8,32.358304,34.337457,33.081959,0.630003
10106,3/4,8,31.304643,33.579472,31.897612,0.801561
10107,3/4,7,27.620403,29.579502,28.826098,0.640901
10108,3/4,2,27.690306,28.406315,28.048311,0.506295
10109,3/4,106,29.586513,32,29.830092,0.539842
10110,3/4,26,29.243249,29.790859,29.667249,0.123043
10111,3/4,84,41.545144,44.739706,42.596219,0.626042
10112,3/4,47,39.097751,41.824514,41.027479,0.659729
10113,3/4,102,41.597846,42.517509,42.214848,0.214638
10114,3/4,212,35.628452,39.436849,37.306119,0.885829
10115,3/4,190,33.970275,35.814831,34.85491,0.416987
10116,3/4,362,30.464849,32.500362,31.758954,0.656381
10117,3/4,3,28.769263,29.166459,28.946004,0.202174
10118,3/4,417,30.506874,33.185231,32.064515,0.786333
10119,3/4,4,34.022704,34.587182,34.415451,0.265416
10120,3/4,2,35.434148,36.407847,35.920998,0.688509
10121,3/4,4,35.537699,36.418098,36.013888,0.467763
10122,3/4,32,31.101031,32.317217,31.516316,0.319326
10123,3/4,5,31.333972,31.700458,31.550076,0.165783
10124,3/4,18,30.898681,34.707852,32.265823,1.397346
10125,3/4,154,33.118194,35.120884,34.731305,0.270231
10126,3/4,1,28.598001,28.598001,28.598001,
10127,3/4,112,29.347173,30.088702,29.757062,0.144559
10128,3/4,77,29.236179,32,30.088711,1.026667
10129,3/4,114,29.537997,32,30.04836,0.905248
10130,3/4,15,41.674204,44.5052,42.738657,0.875166
10131,3/4,105,38.035245,41.63428,39.296144,1.062372
10132,3/4,65,37.942218,39.119466,38.52612,0.283106
10133,3/4,20,35.382458,36.728178,36.032902,0.422792
10134,3/4,341,34.297508,37.231739,35.498022,0.673658
10135,3/4,29,33.753437,34.03339,33.799368,0.065415
10136,3/4,83,32.376263,33.810583,33.200489,0.492827
10137,3/4,15,38.087157,38.44844,38.240479,0.105238
10138,3/4,1213,34.526361,53.42307,43.317889,4.460472
10139,3/4,274,31.281073,37.14592,35.153669,1.70038
10140,3/4,30,31.745813,35.661097,34.701504,1.140357
10141,3/4,217,33.275908,34.718697,34.037146,0.355356
10142,3/4,5,28.073676,29.082562,28.332284,0.435303
10143,3/4,20,30.085075,30.335411,30.201242,0.07253
10144,3/4,111,29.41749,29.951145,29.612542,0.111426
10145,3/4,18,37.861374,38.782348,38.339169,0.301016
10146,3/4,18,38.065852,38.327598,38.210027,0.079494
10147,3/4,3,38.360588,38.374263,38.367205,0.006848
10148,3/4,209,35.405712,37.331114,36.449262,0.583333
10149,3/4,191,33.762125,34.969162,34.348603,0.295263
10150,3/4,48,31.226822,31.780873,31.501341,0.150526
10151,3/4,4,38.067308,38.26907,38.168189,0.085741
10152,3/4,24,32.922409,36.12952,35.480329,0.705511
10153,3/4,216,32.488374,34.143503,33.395388,0.449499
10154,3/4,341,34.02707,43.434114,37.611029,2.858274
10155,3/4,93,32.736829,34.041538,33.285264,0.268254
10156,3/4,70,30.360159,30.944586,30.618465,0.136357
10158,3/4,22,29.996952,30.415008,30.225167,0.14238
10159,3/4,1,29.934368,29.934368,29.934368,
10160,3/4,42,29.50172,29.579161,29.543445,0.023498
10161,3/4,240,29.968458,35,32.30338,1.277489
10162,3/4,45,41.984427,42.285753,42.137082,0.078288
10163,3/4,77,37.488809,38.583555,37.991717,0.256106
10164,3/4,37,37.482453,38.063485,37.714385,0.142405
10165,3/4,78,36.178466,38.072313,37.468036,0.536857
10166,3/4,70,36.269298,37.358656,36.777445,0.314264
10167,3/4,260,35.545878,37.311325,36.41582,0.528538
10168,3/4,158,32.912086,35.852169,35.163206,0.519094
10169,3/4,90,31.901444,34.360689,33.073641,0.846854
10170,3/4,372,31.205844,34.077393,33.024642,0.844191
10171,3/4,10,37.014827,38.125627,37.632071,0.380504
10172,3/4,31,37.341951,38.247859,37.836187,0.272349
10173,3/4,49,37.146139,38.51153,37.746433,0.398526
10174,3/4,299,33.204372,41.043802,36.332022,2.039357
10175,3/4,267,34.838588,39.96518,36.221753,1.001306
10176,3/4,1,35.183616,35.183616,35.183616,
10177,3/4,24,35.075138,35.459226,35.246087,0.100793
10178,3/4,5,34.586652,34.69493,34.643497,0.042184
10179,3/4,35,33.751783,34.040384,33.907094,0.087351
10180,3/4,104,33.768475,36.436095,34.737464,0.913583
10181,3/4,30,33.002427,33.611941,33.28267,0.180709
10182,3/4,121,30.749457,33.185536,31.794871,0.774618
10183,3/4,2,29.899914,29.925994,29.912954,0.018441
10184,3/4,26,29.445366,29.555537,29.500777,0.028069
10185,3/4,328,29.414328,31.075563,30.263865,0.44996
10186,3/4,169,36.388353,37.887762,37.040033,0.451062
10187,3/4,433,35.546895,37.513078,36.698309,0.444923
10188,3/4,4,37.384677,37.578364,37.497157,0.083786
10189,3/4,1,37.337316,37.337316,37.337316,
10190,3/4,120,36.684342,37.865546,37.071523,0.241299
10191,3/4,176,33.668323,37.274555,35.151884,0.792639
10192,3/4,3,35.057718,35.105048,35.083465,0.023938
10193,3/4,9,34.768383,34.965908,34.86709,0.067506
10195,3/4,977,35.001143,65.978721,43.556789,7.775484
10196,3/4,180,33.725398,35.533466,34.404752,0.465994
10197,3/4,98,32.982527,33.958104,33.566942,0.272178
10198,3/4,218,30.925386,33.020313,31.840899,0.530864
10199,3/4,220,31.081274,32.791968,31.910695,0.441474
10200,3/4,144,31.097207,33.598172,32.289375,0.763596
10201,3/4,108,30.877013,32.830754,31.766107,0.553649
10202,3/4,27,29.899491,30.44782,30.188624,0.153157
10203,3/4,57,29.348308,29.594081,29.424711,0.052792
10204,3/4,93,29.374265,30.153463,29.563977,0.202843
10205,3/4,108,29.930676,30.42188,30.218397,0.140332
10206,3/4,23,37.094844,37.348653,37.218007,0.064488
10207,3/4,813,35.018746,53.354461,41.708763,5.881413
10208,3/4,320,37.272914,40.795101,39.899572,0.490525
10209,3/4,6,35.154541,35.281589,35.199488,0.050662
10210,3/4,2,34.744559,34.771274,34.757917,0.018891
10211,3/4,88,34.684159,36.297946,35.371408,0.342955
10212,3/4,123,34.498479,36.495523,35.792321,0.483153
10213,3/4,53,33.705322,33.818783,33.757689,0.031596
10214,3/4,89,32.186314,33.267418,32.770269,0.25636
10215,3/4,151,30.672018,31.56233,31.065731,0.172562
10216,3/4,120,31.22956,32.999674,32.024333,0.544623
10217,3/4,78,30.58308,31.334369,30.995706,0.169724
10218,3/4,90,29.338977,30.617061,29.875103,0.374064
10219,3/4,70,29.888449,30.99777,30.311158,0.276757
10220,3/4,25,30.298562,30.417876,30.360587,0.023446
10221,3/4,128,29.996821,30.631004,30.200802,0.143781
10222,3/4,62,36.70097,37.052266,36.811824,0.082832
10223,3/4,23,36.985794,37.315331,37.15899,0.083369
10224,3/4,22,36.168835,36.626738,36.376555,0.124597
10225,3/4,23,36.555453,36.678525,36.609324,0.036236
10226,3/4,68,35.555568,36.024898,35.785803,0.127021
10227,3/4,220,51.420527,53.382754,52.30258,0.47581
10228,3/4,2248,36.230363,76.168036,55.599163,10.073157
10229,3/4,738,34.884001,41.564638,38.185902,1.634728
10230,3/4,100,35.663943,39.94082,37.730861,1.334441
10231,3/4,5,34.804931,35.08899,34.928948,0.111691
10232,3/4,24,35.601118,37.284723,36.442562,0.546127
10233,3/4,93,33.233265,33.975345,33.671871,0.167134
10234,3/4,21,31.925435,32.389527,32.182171,0.129443
10235,3/4,68,31.156737,32.1189,31.620539,0.253733
10236,3/4,49,31.679617,32.446998,32.056825,0.184585
10237,3/4,93,30.418104,31.032769,30.708906,0.161861
10238,3/4,21,30.170316,30.807509,30.527195,0.172175
10239,3/4,25,29.506642,29.94128,29.723471,0.12709
10240,3/4,104,30.323198,30.500136,30.38253,0.032446
10241,3/4,81,30.076891,30.635329,30.306514,0.135876
10242,3/4,26,30.413872,30.539929,30.483665,0.035309
10243,3/4,577,30.271624,39,32.755287,1.867846
10244,3/4,1487,31.145151,78.51679,48.811703,12.727389
10245,3/4,350,42.915982,48.980289,46.655173,1.230812
10246,3/4,217,49.955168,53.391276,51.561575,0.87968
10247,3/4,362,43.426139,51.762278,47.022554,1.729587
10248,3/4,72,49.458228,53.31324,52.071948,1.059366
10249,3/4,60,52.611586,53.337643,53.09835,0.183154
10250,3/4,394,36.65863,41.417311,39.144639,1.059197
10251,3/4,158,40.793398,53.839315,45.144548,2.901125
10252,3/4,68,36.90758,40.046027,38.725135,0.852294
10253,3/4,4,36.446161,37.509644,36.997079,0.435856
10254,3/4,111,32.927102,34.322001,33.641786,0.365047
10255,3/4,14,32.369262,32.642083,32.530327,0.083407
10256,3/4,15,33.573329,33.757412,33.666532,0.068884
10257,3/4,151,30.956811,34.670736,32.531369,1.023265
10258,3/4,19,30.387583,30.577693,30.466991,0.052227
10259,3/4,115,30.39559,30.957861,30.625724,0.136666
10260,3/4,117,30.133618,30.778429,30.46759,0.178347
10261,3/4,4,33.979911,36.353193,35.212174,1.004778
10262,3/4,24,36.207106,36.440911,36.334801,0.064204
10263,3/4,3,36.234264,36.343155,36.28871,0.054446
10264,3/4,32,36.179819,36.372833,36.279448,0.055076
10265,3/4,77,43.655366,46.452063,45.06867,0.668317
10266,3/4,1,43.500505,43.500505,43.500505,
10267,3/4,27,43.289187,46.531081,44.950106,1.181377
10268,3/4,95,42.724556,45.640577,44.593027,0.849816
10269,3/4,240,46.858093,50.548811,49.180858,0.885137
10270,3/4,27,51.587236,52.036208,51.804632,0.110968
10271,3/4,24,52.933316,54.234196,53.631879,0.342622
10272,3/4,262,46.278014,57.779475,52.706149,3.4503
10273,3/4,389,36.875662,57.116739,43.047447,5.503915
10274,3/4,547,37.495239,59.81078,44.143447,4.120378
10275,3/4,938,40.734598,81.48737,57.132027,9.8443
10276,3/4,199,48.289245,65.210736,56.690065,4.286627
10277,3/4,138,32.354644,34.792428,33.523149,0.753582
10278,3/4,150,32.662046,34.557215,33.625812,0.542008
10279,3/4,7,32.297173,32.620725,32.469414,0.106732
10280,3/4,165,31.955714,34.545094,33.136763,0.632831
10281,3/4,66,30.710939,31.156397,30.882458,0.113868
10282,3/4,139,30.867631,33.302793,32.040676,0.667353
10283,3/4,22,30.496958,30.654519,30.577016,0.042641
10284,3/4,46,53.344353,70,63.824525,6.126354
10285,3/4,141,44.912426,49.108924,47.06286,1.28339
10286,3/4,7,45.111687,45.580616,45.352659,0.160046
10287,3/4,32,46.135242,46.597945,46.366861,0.131899
10288,3/4,15,43.982472,46.178927,45.478178,0.648653
10289,3/4,39,42.908403,44.868757,44.116628,0.534907
10290,3/4,17,50.2498,50.648088,50.448944,0.118628
10291,3/4,18,49.835144,50.620671,50.384885,0.200767
10292,3/4,588,51.048176,58.799032,54.26173,1.956087
10293,3/4,245,50.086273,57.692005,54.627042,1.981487
10294,3/4,48,45.605419,49.831121,47.963258,0.89157
10295,3/4,173,38.283468,42.735255,40.682742,1.145177
10296,3/4,6,39.512171,44.472319,41.364112,1.881396
10297,3/4,951,37.979565,43.441517,41.568722,1.118601
10298,3/4,251,40.540439,45.110968,43.165883,0.922819
10299,3/4,73,40.926488,45.212894,44.085389,0.810316
10300,3/4,110,41.086101,50.5922,45.853126,2.93086
10301,3/4,440,54.803434,103.571595,75.993129,12.750639
10302,3/4,190,66.204308,98.909936,79.516764,7.921421
10304,3/4,189,31.734966,34.764968,32.890195,0.892863
10305,3/4,3,30.798484,30.837683,30.814634,0.02049
10306,3/4,7,30.645281,30.712001,30.682965,0.022253
10307,3/4,1,30.61655,30.61655,30.61655,
10308,3/4,122,30.477204,31.315047,30.890758,0.168374
10309,3/4,1568,47.929681,90.551019,75.754923,9.618044
10310,3/4,16,45.332448,48.274969,46.552503,1.06544
10311,3/4,284,48.086375,60.161759,51.174664,2.110515
10312,3/4,48,49.96405,50.658791,50.331623,0.177918
10313,3/4,16,51.822855,52.24712,52.034304,0.136838
10314,3/4,102,57.511395,57.851672,57.710635,0.065519
10315,3/4,5,41.440504,50.368735,45.608699,3.612633
10316,3/4,37,50.188683,52.790325,51.301498,0.692466
10317,3/4,185,38.232169,42.347167,41.533472,0.798141
10318,3/4,1014,39.304672,45.254378,42.330094,0.849912
10319,3/4,3,41.769004,41.796346,41.782675,0.013671
10320,3/4,1331,65.834968,116.397843,104.595801,11.798528
10321,3/4,1073,76.65969,101.803402,94.003143,4.630779
10322,3/4,104,30.860355,32.08376,31.425084,0.245414
10323,3/4,16,30.626805,30.790012,30.707144,0.045139
10324,3/4,6,30.59437,30.694263,30.650793,0.036038
10325,3/4,41,67.853275,69.25903,68.535466,0.451145
10326,3/4,7,57.519204,57.791179,57.725839,0.093547
10327,3/4,65,46.162887,55.459761,51.364689,2.942849
10328,3/4,76,50.989992,54.996486,52.623015,1.008907
10329,3/4,747,39.161487,53.630355,48.312852,3.604706
10330,3/4,140,42.504794,44.270984,43.523261,0.293104
10331,3/4,88,48.90636,54.521332,51.466334,1.341596
10332,3/4,268,61.57003,113.196841,81.461598,11.709429
10333,3/4,32,102.007189,105.809436,104.927931,0.99599
10334,3/4,105,75.179123,104.281507,95.98855,7.345718
10335,3/4,963,99.161554,111.64071,104.876994,2.385717
10336,3/4,110,88.405351,92.204923,89.894636,0.960851
10337,3/4,78,66,71,68.788349,0.976602
10338,3/4,40,68.695944,72,70.439591,0.951378
10339,3/4,33,50.536135,51.041104,50.818554,0.16299
10340,3/4,17,57.803395,58.351136,57.903975,0.128218
10341,3/4,187,57.579947,64.622225,60.707743,2.049973
10342,3/4,106,52.412945,58.138786,56.325391,1.168572
10343,3/4,51,53.004543,54.964343,54.138438,0.478564
10344,3/4,55,44.169287,45.879212,45.058877,0.443689
10345,3/4,199,41.653891,43.904708,42.675782,0.593065
10346,3/4,13,41.823665,43.40406,42.654891,0.553408
10347,3/4,5,42.177914,42.985982,42.619916,0.329242
10348,3/4,17,40.419653,41.353336,41.010288,0.218563
10349,3/4,400,42.042595,70.237395,48.958171,5.04894
10350,3/4,9,114.784684,115.612322,115.346865,0.300595
10351,3/4,222,112.121625,116.483867,115.56741,0.693962
10352,3/4,3,108.072697,108.665511,108.276324,0.337167
10353,3/4,103,108.358453,114.14346,112.330808,1.412857
10354,3/4,36,104.30476,105.675832,105.059495,0.400404
10355,3/4,1,101.944967,101.944967,101.944967,
10356,3/4,45,102.086532,105.04961,103.510008,0.78743
10357,3/4,35,88.343747,91.449042,90.349722,0.506269
10358,3/4,43,92.474113,94.962099,93.585614,0.641073
10359,3/4,30,69.331221,70.885214,70.034633,0.410739
10361,3/4,30,68.611414,69.634318,69.100543,0.266734
10362,3/4,60,70,73,72.101701,0.729528
10363,3/4,12,47.520352,47.753565,47.617183,0.080061
10364,3/4,1513,42.995698,62.088584,52.756095,4.710882
10365,3/4,70,49.876415,60.473683,53.754355,2.82231
10366,3/4,9,50.602393,51.051287,50.869972,0.15148
10368,3/4,1,57.669963,57.669963,57.669963,
10369,3/4,32,55.458896,57.931235,57.177235,0.645803
10370,3/4,34,54.156942,57.649123,57.110362,0.800118
10371,3/4,36,52.203571,55.837401,53.853466,0.936319
10372,3/4,79,53.153162,54.875178,53.967732,0.439945
10373,3/4,8,52.230505,53.524196,53.107065,0.428752
10374,3/4,806,42.389743,50.954086,47.068074,2.057033
10375,3/4,5,45.132912,45.236152,45.177013,0.046742
10376,3/4,16,43.328253,43.785112,43.559765,0.125433
10377,3/4,275,42.504234,45.114651,44.170121,0.438824
10378,3/4,13,42.00664,43.349603,42.509771,0.366516
10379,3/4,3311,41.435573,133.442673,59.396728,17.348683
10380,3/4,3139,50.37703,132.354867,99.667883,21.097466
10381,3/4,4,111.462513,115.230309,113.749325,1.733747
10382,3/4,40,92.631081,94.35276,93.732615,0.543424
10383,3/4,61,90.162778,92.766187,91.561931,0.655063
10385,3/4,161,75.497553,96.958175,84.174122,5.967665
10386,3/4,55,87.516918,89.988762,89.0459,0.398149
10387,3/4,36,69.797882,73.675913,71.952835,1.032421
10388,3/4,16,72.55894,73.717021,73.347302,0.372872
10389,3/4,265,69.577378,75.053422,72.436402,1.379847
10390,3/4,18,69.110513,72,70.716835,1.139847
10391,3/4,672,50.359861,70.677751,61.759075,4.485672
10392,3/4,128,61.628856,73.519398,69.58959,3.24158
10393,3/4,573,50.562964,69.440027,57.615213,3.542794
10394,3/4,73,58.454561,61.960625,59.914293,0.944287
10395,3/4,13,57.657467,58.187836,57.840665,0.186475
10396,3/4,233,56.633614,66.11643,61.543102,2.114831
10397,3/4,216,50.007768,55.622599,54.02347,1.85161
10398,3/4,33,52.223121,53.716001,53.391145,0.270312
10399,3/4,98,45.181474,48.585703,47.207572,0.847708
10401,3/4,58,43.658266,45.814632,44.765746,0.491318
10402,3/4,7408,47.20845,161.197772,83.948008,28.885215
10403,3/4,483,111.797024,119.401262,115.955449,1.25974
10404,3/4,1,108.887842,108.887842,108.887842,
10405,3/4,46,108.707848,112.084119,110.629102,1.020042
10406,3/4,51,97.187615,101.356054,99.170383,1.293363
10407,3/4,36,100.881368,103.936914,102.230002,0.932497
10408,3/4,102,93.019752,97.568251,95.528968,0.945218
10409,3/4,136,76.005579,92.032247,83.294167,4.556479
10410,3/4,169,84.665604,89.073219,86.89222,1.23835
10411,3/4,21,54.169267,72.249975,63.840154,7.332266
10413,3/4,101,70.822853,73.229113,72.149798,0.630151
10414,3/4,42,69.787705,72.437769,70.663894,0.542572
10415,3/4,844,64.689384,83.44186,73.481026,5.079267
10416,3/4,31,54.245604,57.17797,55.980591,0.904006
10417,3/4,36,54.11538,61.418384,57.827016,2.867994
10418,3/4,407,56.680755,80.570392,68.575202,6.329549
10419,3/4,233,53.77614,58.336265,56.012225,1.071719
10420,3/4,124,63.950351,71.111327,67.94726,1.949533
10421,3/4,41,55.427015,58.706533,56.600244,0.744325
10422,3/4,46,48.454334,52.383019,49.628958,0.793583
10423,3/4,117,50.026415,53.490853,52.118974,0.993462
10424,3/4,65,47.60547,49.352649,48.573118,0.423509
10425,3/4,361,43.146408,48.922569,46.036655,1.176613
10428,3/4,2564,82.070514,150.641985,131.988117,15.592593
10429,3/4,1479,111.915997,134.306251,124.203682,5.072577
10430,3/4,813,80.715414,138.637399,126.697103,13.128809
10431,3/4,31,113.916933,119.110436,117.15571,1.523446
10432,3/4,23,113.879969,117.103248,115.986973,0.949805
10433,3/4,211,87.822934,93.833973,90.85836,1.604311
10434,3/4,567,64.472427,88.773559,79.204134,7.040208
10435,3/4,36,53.900629,72.848566,64.08403,5.867702
10436,3/4,184,71.524688,76.258318,73.918319,1.35207
10437,3/4,6,69.276939,69.614617,69.401911,0.130919
10438,3/4,172,56.354351,71.718926,62.603134,4.736385
10439,3/4,52,61.57201,75.099672,70.520254,3.543012
10440,3/4,86,65.285909,70.773902,68.34472,1.505509
10441,3/4,42,66.952118,70.488306,68.958751,0.907205
10443,3/4,349,63.200728,79.385765,70.670596,4.121701
10444,3/4,195,72.505735,83.025007,78.523606,2.939792
10445,3/4,2,69.310815,70.874618,70.092717,1.105776
10446,3/4,49,64.879629,72.587196,67.700816,1.756523
10447,3/4,32,65.008331,69.091853,66.465316,1.059523
10448,3/4,78,53.963114,58.147488,54.941579,0.839819
10449,3/4,117,48.894343,51.177792,49.998855,0.448539
10450,3/4,70,44.383295,47.488767,46.017344,0.756915
10453,3/4,432,75.757605,243.045695,167.510419,41.228535
10454,3/4,185,135.568949,151.948082,147.485738,5.024391
10455,3/4,525,98.982026,120.928712,113.827523,4.866003
10456,3/4,285,98.665932,115.284338,106.139433,4.413064
10457,3/4,29,103.584838,114.725074,111.253606,2.97737
10458,3/4,9,111.690705,116.55433,114.327505,1.948051
10459,3/4,503,105.267444,115.409067,110.682807,3.102363
10460,3/4,49,98.582189,102.397249,99.75284,0.873894
10461,3/4,6,91.069243,95.684829,93.836666,1.713897
10462,3/4,389,91.173544,106.921475,101.509856,3.236096
10463,3/4,135,79.704102,94.844206,89.819874,5.510167
10464,3/4,493,63.687946,88.090223,75.053216,6.264325
10465,3/4,244,74.887783,84.368966,80.153597,2.516745
10466,3/4,310,74.791213,84.335468,81.075367,1.982965
10467,3/4,157,60.826753,78.33283,71.720603,5.627348
10468,3/4,99,55.466862,70.969594,66.415531,5.111178
10469,3/4,59,64.04338,68.875538,66.136408,1.234596
10470,3/4,291,61.423499,68.229354,64.35972,1.324557
10471,3/4,21,53.727147,62.166387,57.39502,3.137081
10472,3/4,64,53.573962,63.094939,58.498094,3.363181
10473,3/4,1,63.124718,63.124718,63.124718,
10474,3/4,473,68.722489,83.554195,77.551893,3.189294
10475,3/4,413,77.188273,103.447412,87.915961,7.330367
10476,3/4,385,82.848348,100.987753,89.888651,3.954107
10477,3/4,251,79.730247,87.990734,84.275409,1.593404
10478,3/4,7,73.114023,73.76812,73.512039,0.22817
10479,3/4,312,67.206692,94.059433,80.558166,6.630994
10480,3/4,25,60.275181,68.078146,63.687808,2.040216
10481,3/4,6,63.396453,64.697793,63.999519,0.464225
10482,3/4,52,56.214191,65.676195,60.7816,3.822584
10483,3/4,406,69.806466,93.930392,82.607322,4.307785
10484,3/4,184,64.591183,75.871125,68.452252,1.977221
10485,3/4,15,56.899552,60.623409,59.663399,1.133522
10486,3/4,100,59.357368,65.695882,60.882693,1.013758
10487,3/4,111,53.791063,55.793016,54.963056,0.570884
10488,3/4,23,45.216713,46.546612,45.891841,0.340376
10489,3/4,1,47.520794,47.520794,47.520794,
10493,3/4,388,136.313953,176.485802,164.012286,8.995755
10494,3/4,12,144.887196,146.741253,145.994518,0.620434
10495,3/4,600,128.207968,148.417854,140.389966,5.112664
10496,3/4,1023,135.693755,153.381923,148.294836,4.082917
10497,3/4,24,127.019804,135.114973,130.953082,2.832364
10498,3/4,352,113.70218,121.759567,117.804235,2.185228
10499,3/4,142,97.759776,112.414725,103.401404,4.092903
10500,3/4,436,93.348783,114.268458,101.345281,5.449633
10501,3/4,42,114.818259,115.842353,115.360704,0.231298
10502,3/4,40,109.35843,111.661158,110.844416,0.605846
10503,3/4,43,98.236814,100.376481,99.568681,0.748383
10504,3/4,17,97.917118,98.765907,98.314468,0.248551
10505,3/4,43,96.671196,101.068532,99.846634,1.025424
10506,3/4,34,82.56067,90.11879,85.47748,1.831696
10507,3/4,35,78.363277,88.897505,83.051714,3.414259
10508,3/4,55,79.599172,87.365267,83.045178,1.936034
10509,3/4,546,81.219269,103.027056,92.468838,5.895223
10510,3/4,72,61.959793,67.468649,64.056032,1.156411
10511,3/4,35,77.450408,80.711714,79.648743,0.757504
10512,3/4,27,82.801894,83.630975,83.249217,0.24621
10513,3/4,46,82.488267,83.491681,83.084453,0.276792
10515,3/4,29,74.038618,75.711455,74.884106,0.481671
10516,3/4,50,75.045283,76.776575,75.925183,0.471959
10517,3/4,46,58.876081,73.465478,67.537806,3.831487
10518,3/4,1,56.218439,56.218439,56.218439,
10519,3/4,20,58.296192,67.837358,63.35166,2.426972
10520,3/4,105,48.018893,64.591854,56.478968,4.182912
10521,3/4,217,53.855775,68.600531,59.825487,4.216041
10522,3/4,287,68.59927,86.695884,77.860476,4.651883
10523,3/4,279,76.196626,96.338692,87.089306,5.170727
10524,3/4,98,89.9954,99.577328,94.743361,2.321023
10525,3/4,42,76.921125,84.361191,81.722953,1.95479
10526,3/4,227,71.69649,102.217899,87.567608,8.182388
10527,3/4,58,59.941292,68.70628,62.677862,2.17673
10528,3/4,8,66.502352,70.219461,68.230314,1.47258
10529,3/4,37,78.928612,84.062523,81.599049,1.622848
10530,3/4,98,68.745711,81.071307,76.638963,3.196235
10531,3/4,42,70.16056,80.77773,77.624402,3.116536
10532,3/4,1,69.220072,69.220072,69.220072,
10533,3/4,298,58.414116,68.750516,64.277352,3.201348
10534,3/4,74,62.385902,68.013985,66.28857,1.155378
10535,3/4,166,54.752175,67.540287,59.707786,3.331487
10536,3/4,32,54.788769,55.850286,55.558952,0.3383
10537,3/4,12,55.568733,55.684248,55.636394,0.034621
10538,3/4,91,49.684496,53.230629,50.794903,0.769699
10539,3/4,584,48.6647,52.054856,50.214386,0.732349
10540,3/4,65,46.661504,49.236308,48.450126,0.637547
10541,3/4,78,48.533514,49.136127,48.698725,0.137159
10542,3/4,323,46.571611,56.04799,50.531398,2.294982
10547,3/4,82,164.048163,183.726829,171.396724,3.898379
10551,3/4,101,142.675081,153.55167,148.946361,3.5201
10552,3/4,761,145.464439,200.318872,170.568431,13.518218
10553,3/4,660,134.947913,148.932116,141.206028,3.702825
10554,3/4,115,146.248721,151.89273,149.363135,1.47442
10555,3/4,208,127.322933,135.504916,131.365307,2.413384
10556,3/4,54,118.447619,121.070631,119.74122,0.823933
10557,3/4,25,93.529508,102.872725,97.093664,2.508018
10558,3/4,57,112.816969,116.249125,115.163664,0.725892
10559,3/4,9,114.669448,114.817998,114.75186,0.077812
10560,3/4,2,110.789234,110.976872,110.883053,0.13268
10561,3/4,4,109.360907,110.961768,110.24467,0.711101
10562,3/4,82,103.366563,107.692118,105.868018,1.436738
10563,3/4,6,103.37335,104.905996,104.036161,0.624172
10564,3/4,43,94.508034,99.176016,97.055015,1.285183
10565,3/4,215,90.682524,106.274958,95.689317,3.684541
10566,3/4,76,89.704857,92.481771,90.493935,0.69976
10567,3/4,548,83.241479,90.694172,87.026554,2.050729
10568,3/4,9,63.798933,70.604029,66.054939,2.240698
10569,3/4,16,64.572433,80.241069,76.365307,4.322037
10570,3/4,36,78.25054,79.632678,78.892743,0.344532
10571,3/4,6,73.981908,74.627465,74.237496,0.285908
10574,3/4,591,48.216321,76.443632,59.092645,7.418689
10575,3/4,38,47.543059,62.62135,55.104972,5.587073
10576,3/4,724,53.966877,73.252848,64.698535,5.781558
10578,3/4,54,58.18445,64.897831,62.269104,1.749711
10579,3/4,70,88.879367,94.401065,92.457236,1.413868
10580,3/4,104,97.204042,104.663903,101.319362,1.824883
10582,3/4,292,89.184687,116.937108,102.66432,6.763557
10583,3/4,26,61.658645,69.823526,64.234419,2.18494
10584,3/4,5,64.360715,65.589789,64.776594,0.484662
10585,3/4,339,57.555165,69.30564,62.306188,2.957034
10586,3/4,81,66.08749,74.424589,69.494419,2.091637
10587,3/4,25,74.576741,80.331413,76.979194,1.688664
10588,3/4,13,80.8054,81.189263,80.976009,0.121115
10589,3/4,5,69.356291,71.984318,70.71889,1.23408
10590,3/4,250,55.441959,62.091196,57.467749,1.608234
10591,3/4,379,50.933284,55.972061,54.437652,1.410217
10592,3/4,18,51.375447,54.08988,53.383975,0.654253
10593,3/4,44,48.680003,49.796663,49.064712,0.33384
10595,3/4,54,46.427284,49.80029,48.851698,0.913606
10596,3/4,47,45.869934,49.514615,47.417737,1.058467
10597,3/4,129,46.075896,51.431979,48.67137,1.759204
10601,3/4,454,157.672945,184.920997,168.289702,6.710277
10603,3/4,214,152.517413,167.837399,157.682317,3.42818
10604,3/4,32,151.991923,152.930585,152.44518,0.264198
10605,3/4,58,152.079046,154.340289,153.207486,0.551029
10606,3/4,823,147.318825,173.759023,159.120011,5.72959
10607,3/4,185,131.211492,136.823668,134.183567,1.470787
10608,3/4,914,121.718477,139.521457,127.537334,4.11348
10609,3/4,271,91.742148,109.822418,103.041843,5.651492
10610,3/4,404,104.858529,114.167227,111.14923,1.613248
10611,3/4,13,92.468663,96.374582,93.152176,1.033634
10612,3/4,46,108.016687,112.506663,109.758058,1.237119
10613,3/4,3,106.638319,106.742684,106.690502,0.052183
10614,3/4,29,106.877601,110.315188,108.867137,1.128174
10615,3/4,127,88.845318,100.119882,92.639947,2.692206
10616,3/4,131,98.341965,105.503529,100.692779,1.487972
10617,3/4,163,95.931555,107.79303,104.168983,2.299658
10618,3/4,167,76.987783,83.937387,80.553663,1.813157
10619,3/4,8,77.45101,79.524573,78.682082,0.625312
10620,3/4,4,78.102963,79.051683,78.479206,0.43304
10621,3/4,162,75.004232,79.980095,77.623833,1.215224
10622,3/4,93,47.307713,59.911683,50.566073,3.345893
10623,3/4,103,44.400288,52.699833,46.872515,1.744175
10624,3/4,5,61.171974,61.751995,61.411482,0.222429
10625,3/4,169,48.266034,63,59.72951,1.960454
10626,3/4,287,62.44053,78.334751,69.514919,3.658333
10627,3/4,173,58.054865,79.718937,68.897368,4.829787
10628,3/4,536,86.292308,106.569745,95.89668,3.467165
10629,3/4,31,100.506624,104.899365,102.421588,0.995675
10630,3/4,50,101.34979,105.472176,103.399192,1.267979
10631,3/4,4,100.507516,102.080079,101.339878,0.644541
10632,3/4,77,96.750169,103.523532,101.221793,1.432407
10633,3/4,108,84.082436,94.922319,90.116917,2.922594
10634,3/4,241,59.160131,74.039883,66.549933,3.660682
10635,3/4,6,63.147562,64.560571,63.917658,0.552896
10636,3/4,1,70.390593,70.390593,70.390593,
10637,3/4,264,66.931273,81.740196,73.756099,3.242226
10638,3/4,238,85.52328,101.922194,92.666356,4.255501
10639,3/4,30,81.493854,85.971716,83.217584,1.377053
10640,3/4,65,80.830869,84.724027,81.778906,0.927435
10641,3/4,23,68.396416,79.126988,71.410783,3.335301
10642,3/4,18,71.63982,81.363365,78.64037,3.076405
10643,3/4,178,68.327744,104.530566,81.738107,10.574873
10644,3/4,29,68.58052,76.84449,71.743789,2.545278
10645,3/4,226,65.138163,108.590176,81.021696,11.65403
10646,3/4,214,68.570306,124.221647,99.462372,14.504479
10648,3/4,54,54.00703,55.965258,55.435304,0.514782
10649,3/4,41,51.126662,53.194074,51.585683,0.482483
10650,3/4,453,49.04302,54.779302,51.663137,1.086673
10651,3/4,17,46.735353,49.824304,49.25667,0.92595
10652,3/4,506,51.243058,61.626685,56.66509,3.200802
10659,3/4,351,158.039826,175.240342,166.519113,4.201013
10661,3/4,2492,80.39293,164.514758,130.215844,18.543183
10662,3/4,6,159.573692,160.721253,160.175627,0.407187
10663,3/4,182,155.053241,169.500017,161.230103,3.355938
10664,3/4,44,153.403496,157.87575,155.635915,1.247936
10665,3/4,55,150.935742,153.023721,152.404235,0.555034
10666,3/4,208,152.169139,168.462968,158.734612,4.075733
10667,3/4,65,142.065387,146.367189,144.171482,1.148828
10668,3/4,360,139.51709,151.932183,144.973971,2.977038
10669,3/4,67,135.479292,138.179881,136.629946,0.72375
10670,3/4,420,111.422967,124.673422,118.12431,3.263501
10671,3/4,128,108.929052,113.447673,111.329998,1.081717
10672,3/4,89,105.587615,108.961837,107.385176,0.821525
10673,3/4,73,102.198127,106.058866,104.367255,1.072408
10674,3/4,353,90.026008,101.178149,94.958365,2.85771
10675,3/4,110,89.35755,93.615024,90.922106,1.163717
10676,3/4,184,79.368364,86.478259,83.505812,1.782796
10677,3/4,32,81.256752,82.50045,81.910122,0.384751
10678,3/4,15,76.524929,77.64176,77.204179,0.381572
10680,3/4,182,58.294049,66.86192,62.47553,2.379993
10681,3/4,242,38.996702,52.668298,43.344713,3.278166
10682,3/4,10,46.855529,55.846333,49.601146,3.166707
10683,3/4,139,54.639718,60,57.141865,1.356457
10684,3/4,22,70.399477,79.162658,75.901186,3.276274
10685,3/4,164,86.789949,101.445572,94.478768,3.240825
10686,3/4,80,98.365792,105.238045,102.846343,1.448991
10687,3/4,10,101.762374,104.734908,103.362164,1.25101
10688,3/4,80,62.402203,70.921725,65.588674,2.195795
10689,3/4,13,70.706359,74.036459,72.439676,1.166591
10690,3/4,11,70.113921,74.517034,72.505147,1.647899
10691,3/4,24,70.424377,76.436519,73.516026,1.866429
10692,3/4,260,94.264693,130.201186,113.304367,8.9971
10693,3/4,195,81.894215,92.995084,87.153165,2.398015
10694,3/4,18,73.101575,81.917598,78.329243,2.821874
10695,3/4,21,77.266872,92.800721,82.494818,4.262874
10696,3/4,176,106.85736,136.682705,126.461277,7.931287
10697,3/4,99,58.289608,64.898261,61.106026,1.802883
10698,3/4,94,55.630632,58.260222,57.262226,0.737967
10699,3/4,118,54.05903,60.447644,59.133469,1.183783
10700,3/4,4,51.373261,51.479456,51.41983,0.047545
10701,3/4,20,48.999175,49.50909,49.322122,0.139685
10702,3/4,53,48.67785,49.932529,49.645737,0.239323
10703,3/4,80,53.600267,58.529121,56.295467,1.471534
10710,3/4,4,197.475141,200.020682,198.707201,1.102221
10711,3/4,68,200.83726,207.888803,203.793124,1.86186
10713,3/4,196,136.064018,167.935167,159.933225,8.518839
10714,3/4,3,158.604385,160.751153,159.547462,1.096856
10716,3/4,746,153.227938,176.040892,161.146537,5.199405
10717,3/4,479,153.166649,181.741618,168.121788,7.100371
10718,3/4,80,152.080101,162.448095,155.433689,2.709222
10719,3/4,40,146.612015,153.064923,149.732069,2.157037
10720,3/4,18,141.187427,142.924929,142.064786,0.478587
10721,3/4,1,142.591592,142.591592,142.591592,
10722,3/4,224,135.772593,143.07376,138.741412,1.626994
10723,3/4,219,137.880678,144.60943,140.971598,1.428307
10724,3/4,20,137.161673,138.846567,138.000538,0.446102
10725,3/4,182,129.130894,132.845497,130.846177,0.777001
10726,3/4,27,122.178612,125.723219,124.346459,1.044099
10727,3/4,40,101.306601,106.783434,105.257238,1.58452
10728,3/4,52,105.677323,108.138464,106.555801,0.723868
10729,3/4,48,88.478585,92.657751,89.885905,1.060762
10730,3/4,8,84.3041,86.490108,85.817102,0.794006
10732,3/4,46,79.253156,82.496935,81.542381,0.715512
10733,3/4,32,77.526132,78.527683,78.1115,0.266549
10734,3/4,100,71.958185,77.294922,75.009786,1.379779
10735,3/4,34,65.111662,67.12904,66.131802,0.551525
10736,3/4,26,56.636204,59.278885,57.688305,0.725286
10737,3/4,297,43.508872,53.931459,49.620726,2.400278
10738,3/4,128,49.590738,58.776507,53.326832,2.14586
10739,3/4,83,42.942404,49.680445,44.890905,1.306988
10740,3/4,128,46.218442,58.489651,54.419268,3.134308
10741,3/4,379,72.627605,88.082003,81.533414,3.602722
10742,3/4,312,80.438694,89.762651,86.369234,2.062785
10743,3/4,127,102.632594,128.673121,113.38436,8.900074
10744,3/4,409,102.927743,125.544437,113.996329,7.080653
10745,3/4,478,96.705771,123.763306,112.007185,6.883884
10746,3/4,57,64.87266,70.268879,67.839584,1.599122
10747,3/4,2,60.348091,61.185955,60.767023,0.592459
10748,3/4,28,61.477942,63.405471,62.65587,0.504165
10749,3/4,10,60.61916,61.763431,61.135736,0.35438
10750,3/4,1,70.009417,70.009417,70.009417,
10751,3/4,23,64.51473,69.499999,67.131134,1.280674
10752,3/4,128,67.713656,75.053186,71.10939,1.927168
10753,3/4,16,70.132979,74.905164,72.77053,1.57967
10754,3/4,650,118.16683,138.99565,129.143911,4.607547
10755,3/4,37,79.812938,88.225762,85.469705,2.437689
10756,3/4,31,88.485905,91.154264,89.781845,0.792954
10757,3/4,157,82.406592,95.312095,90.810049,3.397569
10758,3/4,3,84.590286,84.970378,84.739273,0.202916
10759,3/4,6,85.534038,88.63755,87.11603,1.619826
10760,3/4,6,81.426119,82.014418,81.716788,0.227335
10761,3/4,85,73.818188,89.067972,82.797669,3.168101
10762,3/4,56,80.154749,88.721482,85.140693,1.835981
10763,3/4,11,100.612835,118.681044,111.293328,5.816024
10764,3/4,441,85.154144,121.459992,103.932817,8.180514
10765,3/4,82,116.153259,134.288941,125.64351,4.480127
10766,3/4,72,87.399613,125.350235,108.560477,9.16872
10767,3/4,94,61.040939,67.490659,64.029667,1.74352
10768,3/4,160,55.982596,59.699242,58.36132,1.026266
10769,3/4,90,54.39494,59.320994,58.218128,1.198704
10770,3/4,9,52.018705,55.147545,53.756161,0.940135
10771,3/4,166,51.453344,60.198785,56.401891,1.959462
10772,3/4,76,51.085863,53.811423,52.006539,0.829721
10773,3/4,310,53.720702,59.123374,57.056745,1.208961
10781,3/4,49,190.254676,207.998505,199.597411,4.031348
10782,3/4,195,181.527947,197.828201,188.992142,3.766612
10783,3/4,34,165.686646,173.453903,169.333402,1.529682
10784,3/4,32,169.918188,172.229211,170.702591,0.70692
10785,3/4,223,160.78823,173.508842,167.240048,2.389979
10786,3/4,176,162.224157,181.106129,173.051938,4.714098
10787,3/4,3,151.84778,151.998009,151.904079,0.08188
10788,3/4,4,140.680783,141.373739,141.027261,0.298201
10789,3/4,2,137.325142,137.468375,137.396758,0.101281
10790,3/4,35,138.636067,140.51647,139.649642,0.551372
10791,3/4,1,130.568131,130.568131,130.568131,
10792,3/4,189,125.962065,139.002505,131.144839,3.012618
10794,3/4,81,120.65542,126.397967,123.360329,1.604034
10795,3/4,2,113.784849,114.166133,113.975491,0.269609
10796,3/4,302,106.286936,114.644024,109.595973,1.93247
10797,3/4,7,108.276242,109.139017,108.640951,0.287306
10798,3/4,25,106.316974,107.144678,106.590432,0.216031
10799,3/4,27,90.702445,93.294827,92.096095,0.838588
10800,3/4,38,91.580327,95.772613,93.926368,1.142141
10801,3/4,24,92.39001,95.175674,93.924119,0.872252
10802,3/4,207,89.452716,96.471404,92.885096,1.994232
10803,3/4,99,90.530009,112.613568,101.554497,5.098914
10804,3/4,363,80.997133,90.041303,86.443431,2.19039
10805,3/4,38,83.822098,86.388387,85.304667,0.618582
10806,3/4,376,74.883231,82.330499,78.538055,1.564488
10807,3/4,19,79.049615,80.310154,79.742716,0.361067
10808,3/4,119,52.916459,59.743336,56.258163,2.112418
10809,3/4,30,52.628894,56.417852,55.143385,0.965251
10810,3/4,63,45.207737,50.1459,48.71019,0.980945
10811,3/4,24,40.774459,44.598027,42.119088,1.101396
10812,3/4,44,42.582107,48.828469,44.686794,1.774138
10813,3/4,13,47.473624,50.916771,49.260239,1.171941
10815,3/4,133,51.702393,55.495054,53.649913,1.273224
10816,3/4,318,87.735148,101.605442,92.339539,3.109697
10817,3/4,1088,108.184187,133.014241,121.126032,6.041572
10818,3/4,68,103.561939,110.388596,107.879991,1.439122
10819,3/4,98,103.992979,118.196375,107.227176,2.652013
10820,3/4,31,118.113643,120.899437,119.716265,0.904569
10821,3/4,45,126.281322,132.461117,129.530709,1.817488
10822,3/4,35,89.944026,95.256551,94.144719,1.23675
10823,3/4,3,89.142008,90.785748,89.884453,0.833304
10824,3/4,20,84.936641,88.501055,87.001791,0.986652
10825,3/4,834,121.774475,141.434298,135.45439,2.769955
10826,3/4,861,62.603974,129.619436,91.86074,20.175526
10827,3/4,65,65.814594,85.476154,74.405474,4.972825
10828,3/4,71,60.139564,64.910394,61.653266,1.117477
10829,3/4,36,58.328317,59.602495,58.858063,0.348712
10830,3/4,107,56.114931,60.261578,59.43255,0.809813
10831,3/4,343,57.590708,62.429156,60.49846,1.076602
10832,3/4,34,50.736599,51.840236,51.289191,0.310028
10833,3/4,4,51.466315,51.724234,51.59077,0.110362
10835,3/4,41,52.57414,54.471201,53.462974,0.440771
10836,3/4,43,58.307595,59.380799,58.912152,0.275816
10837,3/4,5,51.657947,52.285991,52.001441,0.269086
10838,3/4,3,52.284532,52.322412,52.302072,0.019095
10839,3/4,140,49.793321,54.780044,51.510741,1.284336
10849,3/4,489,175.324788,194.310679,184.24163,3.790435
10850,3/4,45,168.468939,172.2769,170.400662,0.964779
10851,3/4,166,169.53933,186.320707,178.307516,4.286199
10852,3/4,19,164.789172,175.472652,169.871219,2.145336
10853,3/4,36,169.92889,184.736124,179.071843,3.333296
10854,3/4,350,148.869007,161.658416,155.373753,3.164728
10855,3/4,1130,126.862583,149.435704,138.731934,4.572545
10856,3/4,153,123.911467,130.059063,127.349241,1.277808
10857,3/4,11,126.481746,127.671779,126.99331,0.396937
10858,3/4,2,120.361757,120.79966,120.580708,0.309644
10859,3/4,46,110.909166,117.694052,113.541087,1.953045
10860,3/4,1,114.547417,114.547417,114.547417,
10861,3/4,84,111.502295,115.012423,113.113061,0.894438
10862,3/4,90,108.279601,111.296524,109.697886,0.787582
10863,3/4,12,108.668217,109.664213,109.166145,0.300252
10864,3/4,88,101.081896,106.277962,103.468807,1.406502
10865,3/4,2,93.896597,94.703014,94.299805,0.570223
10866,3/4,58,94.278257,99.432109,96.9789,1.412416
10867,3/4,378,96.598935,108.211259,103.052708,2.193601
10868,3/4,10,60.172243,101.664424,85.433279,10.45019
10869,3/4,72,81.181167,84.99081,82.400993,0.831671
10870,3/4,20,82.737807,84.366034,83.635927,0.488489
10871,3/4,411,58.871211,82.128249,64.520424,4.835899
10872,3/4,175,73.14601,78.183525,74.912509,1.148217
10874,3/4,48,64.501649,67.730603,66.502663,0.750966
10875,3/4,22,67.091638,69.382294,67.904797,0.537961
10876,3/4,117,58.486636,64.06768,60.930233,1.265634
10877,3/4,612,44.973882,58.173125,52.268405,2.975809
10878,3/4,68,44.902949,48.739127,47.266984,0.896593
10879,3/4,456,38.419971,48.002327,43.190829,2.185399
10880,3/4,57,37.902617,40.831474,39.277429,0.940445
10881,3/4,41,39.714655,41.702694,40.959201,0.447253
10882,3/4,4,45.726244,47.17577,46.151996,0.685127
10883,3/4,155,45.302866,51.685149,49.153366,1.415531
10884,3/4,27,51.844892,54.110772,52.939591,0.644174
10885,3/4,56,52.215532,57.437769,54.517152,1.472009
10886,3/4,6,53.655857,54.887824,54.347874,0.431931
10887,3/4,156,66.591436,74.256733,70.29543,2.233177
10888,3/4,6,89.307988,90.814966,90.225666,0.547697
10889,3/4,692,96.043547,120.058793,107.713717,5.798487
10890,3/4,53,106.264149,111.687903,108.952758,1.261701
10891,3/4,112,111.784595,121.462477,117.221186,2.574347
10892,3/4,255,121.079741,139.879547,131.330237,5.37834
10893,3/4,56,67.049194,71.937912,69.559581,1.190804
10894,3/4,22,63.610047,67.613289,65.286955,1.132457
10896,3/4,3,89.952088,90.710604,90.411143,0.403657
10897,3/4,23,84.247753,90.209831,86.786806,1.959892
10898,3/4,266,104.700262,133.862921,122.316223,6.964692
10899,3/4,58,129.642712,134.455306,133.735658,0.795002
10900,3/4,268,64.645891,116.797201,85.687922,16.25682
10901,3/4,73,106.915183,132.987726,118.298459,6.146996
10902,3/4,166,58.287773,61.356523,60.557709,0.596807
10903,3/4,5,59.087354,59.830076,59.405976,0.28249
10905,3/4,71,53.34166,56.634929,54.9108,0.964792
10907,3/4,49,53.832647,56.693405,55.261042,0.898877
10909,3/4,114,58.590673,59.98426,59.344106,0.308269
10910,3/4,6,58.526453,59.038205,58.7872,0.190777
10911,3/4,40,52.434792,61.390532,57.190202,3.141991
10927,3/4,35,171.496424,179.211266,176.10026,2.188353
10928,3/4,106,171.143475,180.52234,175.869515,2.051927
10931,3/4,25,152.096073,184.124514,168.568025,7.729343
10932,3/4,97,144.193008,151.176502,147.313352,1.80401
10933,3/4,40,109.060283,110.820805,109.704303,0.373555
10934,3/4,97,102.348167,106.533504,104.249412,1.106395
10935,3/4,13,101.075957,102.295293,101.677806,0.348049
10936,3/4,23,95.427704,98.50521,96.962036,0.858258
10937,3/4,5,93.061945,93.795698,93.434278,0.277686
10938,3/4,3,93.879894,94.493833,94.200896,0.30793
10939,3/4,1,95.374196,95.374196,95.374196,
10940,3/4,110,94.92661,103.069781,99.528299,2.166086
10941,3/4,21,97.003947,99.29953,98.404246,0.647398
10942,3/4,70,95.988113,100.439102,98.270559,1.316019
10943,3/4,66,96.186566,101.054788,98.557252,1.536767
10944,3/4,204,61.820355,89.51257,74.551513,7.094985
10945,3/4,39,80.334622,84.745172,83.395103,1.173269
10946,3/4,33,81.750959,83.701946,82.788018,0.510517
10947,3/4,464,62.808683,76.091416,69.451029,3.423699
10948,3/4,192,68.142268,73.958538,71.034236,1.339275
10949,3/4,3,69.930749,70.479204,70.204977,0.274228
10950,3/4,31,67.399613,69.656522,68.36275,0.553333
10951,3/4,42,61.656011,64.523036,63.072228,0.685675
10952,3/4,9,57.006607,58.031112,57.525647,0.320626
10953,3/4,5,58.133508,59.146952,58.609511,0.409975
10954,3/4,8,55.408264,56.737406,56.08558,0.483484
10955,3/4,56,44.11682,48.090263,45.886318,1.226286
10956,3/4,77,39.939141,42.286875,41.618878,0.493485
10957,3/4,24,37.747496,40.611453,38.998173,0.946316
10958,3/4,80,37.374791,46.73753,42.414147,2.32442
10959,3/4,26,49.694255,51.790981,51.108022,0.553871
10960,3/4,33,50.454368,52.842353,51.999982,0.544428
10961,3/4,3,52.737597,53.196727,52.908818,0.250823
10962,3/4,195,47.211038,55,49.976969,1.8871
10963,3/4,20,71.722069,75.345406,73.360578,0.946
10964,3/4,17,91.834405,96.291923,93.265406,1.13983
10965,3/4,82,84.159861,95.684626,89.357963,2.479324
10966,3/4,68,94.447448,101.650462,98.100892,2.041896
10967,3/4,183,95.894813,104.621925,101.18679,1.933858
10968,3/4,50,114.032707,120.496652,117.25996,1.805121
10969,3/4,12,117.3741,122.883319,120.674619,1.816673
10970,3/4,7,121.301474,122.873741,122.043237,0.534769
10971,3/4,10,120.443263,126.551395,122.702287,2.491531
10972,3/4,10,118.977104,122.405183,120.291118,0.975165
10973,3/4,44,134.655582,138.275409,136.849885,1.067211
10974,3/4,4,66.841394,67.572103,67.173054,0.316477
10975,3/4,55,130.879201,133.694366,132.443367,0.503124
10976,3/4,108,85.527418,95.557237,90.239671,2.410576
10977,3/4,23,133.718904,135.241785,134.641238,0.420106
10978,3/4,217,129.840979,139.968332,134.868525,1.543849
10979,3/4,179,124.486824,148.890928,142.641123,5.648584
10980,3/4,582,65.420315,150.384803,104.980006,20.712222
10981,3/4,310,104.964054,148.318907,122.659513,10.145108
10982,3/4,22,60.763985,60.883723,60.815752,0.027832
10983,3/4,61,60.775771,66.306639,62.116652,1.407706
10984,3/4,11,56.640823,57.463558,57.0604,0.250087
10985,3/4,18,53.340785,55.746805,54.644613,0.886538
10987,3/4,40,52.35706,55.098357,53.843544,0.8011
10989,3/4,4,54.192417,55.32545,54.758933,0.48758
10990,3/4,84,58.372343,59.563774,58.921504,0.349439
10991,3/4,107,58.236251,61.560683,60.306825,0.596232
10992,3/4,10,54.559963,58.398945,56.477986,1.340344
11009,3/4,3,191.603854,204.325486,196.12646,2.684474
11010,3/4,16,182.645573,193.239332,188.731794,2.649966
11011,3/4,7,173.660867,177.803244,175.586867,1.612281
11012,3/4,38,163.454713,168.883267,165.96291,1.325241
11013,3/4,52,163.396295,173.077406,168.936288,2.362169
11015,3/4,23,162.224241,168.641479,165.444851,1.609973
11016,3/4,41,163.421021,169.021427,165.51782,1.660328
11017,3/4,12,155.008723,162.808882,159.375833,1.995916
11018,3/4,195,148.663434,156.151434,152.201668,1.736429
11019,3/4,1,149.85949,149.85949,149.85949,
11020,3/4,28,146.325681,149.371159,147.405482,0.862385
11021,3/4,220,125.972026,135.114758,130.835417,1.858947
11022,3/4,44,120.948497,125.574741,123.136095,1.071888
11023,3/4,56,118.092855,121.404222,119.904536,0.87723
11024,3/4,28,114.928702,117.772465,116.644751,0.744628
11025,3/4,346,102.700304,115.988288,110.883172,3.545409
11026,3/4,24,104.357819,105.829106,105.093463,0.378823
11027,3/4,42,105.512886,108.290331,106.733734,0.722815
11028,3/4,156,94.568343,100.928508,97.727485,1.498947
11030,3/4,12,95.735357,97.996792,96.697457,0.747125
11031,3/4,76,95.278031,99.103817,97.456756,0.988737
11032,3/4,19,99.417776,101.338982,100.216699,0.556004
11034,3/4,511,63.974745,83.542581,77.125299,4.159153
11036,3/4,329,51.351494,61.967215,57.98541,1.924168
11037,3/4,57,39.927556,45.18386,43.213379,1.199892
11038,3/4,5,41.860829,42.09555,41.955467,0.100301
11039,3/4,30,41.559611,42.733502,42.061169,0.286393
11040,3/4,4,39.74097,40,39.870485,0.149551
11041,3/4,6,40,41,40.413657,0.462904
11042,3/4,3,39,39,39,0
11043,3/4,27,39,40,39.130299,0.320804
11044,3/4,18,40,43,41.419677,0.946581
11045,3/4,65,44,47.635927,46.522388,0.860671
11046,3/4,109,44.661337,52,46.695788,1.67474
11048,3/4,116,68.621646,77.029594,73.034228,1.891415
11049,3/4,2,88.291717,88.834427,88.563072,0.383754
11050,3/4,222,95.579883,113.936077,105.020466,4.942328
11051,3/4,88,97.708489,106.896157,102.793986,2.441184
11052,3/4,56,119.545987,123.121436,121.604009,1.013712
11053,3/4,99,109.538946,123.090719,118.701469,2.768555
11054,3/4,48,121.797,129.171003,126.439498,2.173605
11055,3/4,163,133.59639,140.697226,136.894124,1.736086
11056,3/4,70,133.002719,135.840851,134.799928,0.778352
11057,3/4,156,135.260208,140.890008,136.980767,1.477559
11058,3/4,46,139.451774,143.669887,141.570126,1.10795
11059,3/4,940,132.105252,169.690997,158.547196,6.590011
11060,3/4,1882,60.692235,286.738573,130.257997,54.729825
11061,3/4,111,60.929928,64.621603,62.074503,0.653546
11062,3/4,5,60.76259,60.810174,60.78446,0.017004
11063,3/4,131,60.656611,62.939715,61.786264,0.620971
11064,3/4,415,58.219685,63.005771,61.257622,1.510275
11066,3/4,7,57.481799,57.896558,57.696794,0.143305
11067,3/4,5,56.763363,57.263981,57.033841,0.206059
11068,3/4,27,54.487148,57.354649,55.726122,0.790855
11069,3/4,48,55.187559,57.775781,56.729192,0.766464
11070,3/4,3,59.136877,59.33422,59.235548,0.098672
11072,3/4,58,59.550262,60.61338,59.998356,0.349885
11073,3/4,60,51.100905,57.340804,53.133267,1.670565
11074,3/4,35,52.106932,59.871617,56.604172,2.791043
11075,3/4,5,50.377998,50.597455,50.481184,0.086643
11097,3/4,39,169.471026,176.25046,172.41581,1.740072
11098,3/4,33,167.752518,172.727297,169.22983,1.362418
11102,3/4,7,148.721883,151.113777,149.89616,0.859987
11103,3/4,8,147.469747,148.774195,148.232252,0.436029
11104,3/4,12,126.018594,127.283416,126.675678,0.412655
11105,3/4,3,124.63304,125.973129,125.236686,0.679843
11106,3/4,322,112.378952,125.880217,118.281961,2.839537
11107,3/4,21,120.292128,122.988657,121.457503,0.929301
11108,3/4,120,114.10051,117.593812,115.770309,0.819635
11109,3/4,67,117.10259,120.269834,118.466598,0.761698
11110,3/4,5,117.402864,118.086938,117.818113,0.272967
11111,3/4,69,103.673664,106.047687,104.916546,0.582571
11112,3/4,18,101.812627,102.867319,102.339973,0.295488
11113,3/4,82,100.404639,102.323458,101.498411,0.507116
11114,3/4,23,94.313159,96.588238,95.424477,0.602123
11115,3/4,103,97.566983,103.568083,100.689431,1.527415
11116,3/4,79,98.425625,101.460706,100.116171,0.741851
11117,3/4,13,102.718557,104.533124,103.757003,0.568725
11118,3/4,38,106.05643,116.888618,111.130608,2.719363
11120,3/4,24,64.773067,67.192038,66.111075,0.750038
11121,3/4,130,52.562311,62.994016,58.366696,2.818951
11122,3/4,10,50.638848,52.477181,51.371507,0.629087
11123,3/4,41,37.792689,41.787702,40.002033,0.976871
11124,3/4,22,41,41,41,0
11125,3/4,159,38.436964,42.11861,40.483529,1.018621
11126,3/4,15,43,44,43.634537,0.470154
11127,3/4,30,45.573033,46.988055,46.343668,0.417248
11128,3/4,44,44.74748,50.875538,47.32654,1.6469
11129,3/4,3,76.032566,78.098343,76.883226,1.080037
11130,3/4,22,75.696932,80.597149,77.664576,1.335282
11131,3/4,7,85.209312,87.544769,86.28966,0.796565
11133,3/4,39,104.291828,108.479725,106.482129,1.22727
11134,3/4,345,103.749555,122.016581,113.424024,4.473961
11135,3/4,51,101.215828,107.998382,104.825159,1.963103
11136,3/4,11,120.74433,124.09317,121.82359,1.19941
11137,3/4,7,126.807431,131.310883,128.673982,1.490487
11138,3/4,51,138.226775,142.080524,139.983435,1.030124
11140,3/4,37,132.522826,135.221497,133.528175,0.759089
11141,3/4,65,137.629392,142.983153,139.831005,1.327797
11142,3/4,36,132.576197,135.495956,134.476197,0.801254
11143,3/4,19,91.301228,95.920124,92.849775,1.454649
11144,3/4,72,92.725868,98.741748,95.813367,1.465446
11145,3/4,173,135.405423,142.131557,138.139708,1.775283
11146,3/4,93,134.630634,138.424334,135.996769,1.0832
11147,3/4,9,139.433949,140.294542,139.781009,0.27945
11148,3/4,127,141.381631,150.971049,148.901212,1.494319
11149,3/4,188,126.07013,155.145224,141.030017,8.121365
11150,3/4,37,64.737588,66.82958,65.64724,0.663676
11151,3/4,46,62.451214,64.098182,63.127097,0.457642
11152,3/4,15,61.1747,61.625976,61.341077,0.123334
11153,3/4,3,62.101846,62.631448,62.427224,0.28483
11154,3/4,40,62.054869,62.718697,62.484649,0.175889
11155,3/4,13,57.706804,57.988004,57.831777,0.085616
11156,3/4,43,57.832272,58.749677,58.129919,0.213473
11157,3/4,40,56.575088,57.540165,57.016387,0.270194
11158,3/4,16,56.592544,57.767269,57.316969,0.37933
11159,3/4,13,59.463642,59.656778,59.5621,0.066878
11161,3/4,130,51.724642,61.712332,58.488118,3.23742
11162,3/4,19,59.721819,60.7209,60.152905,0.314741
11163,3/4,128,50.593769,53.010781,52.126141,0.780715
11189,3/4,10,148.276829,153.102312,151.292782,1.313854
11190,3/4,69,147.111404,150.231156,148.937692,0.907664
11191,3/4,4,132.922699,166.592682,148.085829,9.045385
11192,3/4,42,123.265728,126.911994,125.05161,1.032414
11193,3/4,27,125.130779,127.454492,126.188316,0.623265
11194,3/4,74,119.50403,125.052357,122.683344,1.42697
11196,3/4,20,103.347325,104.622829,103.844439,0.325374
11197,3/4,11,102.232593,103.252645,102.68672,0.326121
11198,3/4,21,100.756999,102.185194,101.477851,0.392001
11199,3/4,537,104.801852,119.649052,112.863261,3.372691
11200,3/4,36,57.112708,63.53462,59.808722,1.529902
11201,3/4,149,64.969426,73.026117,69.228131,1.909447
11202,3/4,63,44.100714,52.836217,48.63455,2.237616
11204,3/4,57,38.815053,41.018052,40.110813,0.572639
11205,3/4,16,44,45,44.157379,0.340383
11206,3/4,13,44.405044,46.225889,45.186741,0.632596
11207,3/4,17,44,46,44.827615,0.616619
11211,3/4,7,78.625925,81.29712,80.498994,0.918408
11212,3/4,5,80.580032,82.183552,81.191733,0.687603
11213,3/4,2,84.92186,85.065586,84.993723,0.101629
11216,3/4,312,103.168032,115.96912,109.516908,2.692459
11217,3/4,3,107.613076,108.063831,107.856223,0.22747
11218,3/4,66,121.152032,124.583666,122.807815,0.884263
11219,3/4,587,124.44936,146.257303,135.216626,4.494881
11220,3/4,15,124.283732,125.900911,124.997378,0.463583
11221,3/4,8,125.012712,129.64216,127.04554,1.841702
11222,3/4,58,142.524258,148.260113,145.623497,1.642122
11224,3/4,38,139.438431,143.458325,141.559618,1.254392
11225,3/4,43,135.809991,142.159936,138.406999,1.28886
11226,3/4,36,95.678243,100.465895,97.445269,1.25133
11227,3/4,585,139.294664,148.569829,144.619165,1.939264
11228,3/4,11,138.86656,141.144683,139.961589,0.740018
11229,3/4,11,138.604129,140.609854,140.061079,0.574553
11230,3/4,223,134.674631,145.763207,140.288013,3.138555
11231,3/4,171,134.398415,159.28746,153.300203,2.787745
11232,3/4,332,155.532352,173.99301,164.789612,4.278684
11234,3/4,366,54.572994,63.044208,58.90404,2.08354
11235,3/4,56,55.516835,66.795958,60.698554,2.546289
11236,3/4,96,65.035564,70.400211,67.314428,1.614448
11237,3/4,105,54.848013,69.547052,60.804656,5.342239
11238,3/4,142,62.722177,66.129201,64.420148,0.858728
11240,3/4,85,62.272342,64.037877,63.032373,0.448112
11241,3/4,55,60.736481,62.975948,62.336736,0.622206
11242,3/4,31,62.708334,63.029438,62.873696,0.086008
11243,3/4,24,58.02017,58.862859,58.275305,0.246012
11244,3/4,45,57.163279,58.042462,57.760318,0.180541
11245,3/4,48,57.431346,58.174739,57.975225,0.162285
11246,3/4,72,59.514267,61.460911,60.059774,0.356358
11247,3/4,42,59.893572,60.727899,60.578886,0.179917
11278,3/4,16,135.355411,158.771873,145.587953,6.593518
11279,3/4,50,128.21849,137.307111,132.513804,2.148739
11280,3/4,79,122.62775,132.07819,127.863811,2.245249
11281,3/4,91,113.389384,118.187291,116.043883,1.140205
11286,3/4,63,70.487754,76.619446,74.074401,1.695454
11287,3/4,96,65.445362,72.035459,68.739425,1.606508
11288,3/4,54,52.705833,62.727242,57.088449,2.477085
11291,3/4,18,40,41,40.362114,0.471163
11293,3/4,27,45,46,45.871039,0.319196
11294,3/4,31,44.797953,50,46.773112,1.268692
11295,3/4,8,44.358239,46,45.39521,0.835121
11298,3/4,27,75.449965,85.251787,80.397375,2.751295
11299,3/4,3,82.513031,83.779944,83.247813,0.657319
11300,3/4,4,84.478415,84.848272,84.671054,0.156796
11303,3/4,91,92.495988,107.471384,100.797224,4.314152
11304,3/4,508,113.262225,132.686008,123.001806,4.867832
11305,3/4,413,123.226745,138.141796,133.878843,4.464748
11306,3/4,4,131.101372,134.898287,133.186512,1.687933
11307,3/4,50,127.696076,133.889896,131.322807,1.53251
11308,3/4,41,139.749197,146.292667,142.950333,1.895933
11309,3/4,195,145.185216,162.736707,153.885052,4.59411
11310,3/4,87,140.748494,147.861291,143.495865,1.765726
11311,3/4,5,141.293002,142.600901,141.917265,0.47087
11312,3/4,6,139.745809,141.381883,140.609373,0.595443
11313,3/4,3,138.667109,139.458798,139.096195,0.40001
11314,3/4,293,145.118771,160.352544,152.694329,3.433595
11315,3/4,68,151.266688,157.391398,155.182599,1.45085
11316,3/4,4,150.950557,151.558008,151.141654,0.28022
11317,3/4,1365,160.557469,183.560713,173.01433,4.907687
11318,3/4,438,152.348827,166.954321,159.517364,2.756752
11322,3/4,72,64.501161,69.147366,65.988736,1.213827
11323,3/4,176,59.671408,64.908975,62.09385,1.6039
11325,3/4,5,62.71017,62.908435,62.7864,0.075126
11327,3/4,33,57.240068,58.564331,57.828705,0.337256
11328,3/4,2,57.675342,57.74293,57.709136,0.047792
11329,3/4,27,59.427647,59.951847,59.620057,0.147157
11330,3/4,4,53.160535,57.741756,54.655973,2.157135
11370,3/4,5,147.982531,152.372627,150.18857,0.950278
11371,3/4,11,144.418235,149.614477,146.872563,1.203208
11372,3/4,6,138.439882,142.595018,140.501613,1.269708
11376,3/4,11,125.807455,126.872401,126.284166,0.323887
11377,3/4,27,117.411458,121.338517,118.912545,1.185278
11378,3/4,48,117.244875,122.205399,119.842277,1.44845
11379,3/4,30,111.668415,122.699921,117.741421,2.047793
11383,3/4,126,66.433867,76.192994,70.398291,2.326795
11384,3/4,98,73.14975,78.970175,76.663211,1.473272
11391,3/4,28,36.426394,42.309166,38.762522,1.342067
11396,3/4,1,107.29197,107.29197,107.29197,
11397,3/4,939,123.420991,149.636415,140.463941,4.75627
11398,3/4,144,125.928539,138.74359,132.397505,3.170159
11399,3/4,470,149.402133,179.963487,161.407759,7.474112
11400,3/4,282,161.879287,179.882269,171.614454,4.797138
11401,3/4,194,175.483408,192.249697,183.000962,3.32582
11406,3/4,306,54.477767,65.984752,63.711684,2.467634
11408,3/4,24,54.099793,62.028983,60.040522,2.074825
11409,3/4,98,61.336595,64.808656,63.404479,1.151549
11453,3/4,9,138.340307,144.72318,142.664725,1.593041
11456,3/4,100,121.351327,125.676555,123.454796,1.076894
11457,3/4,14,118.833899,121.424794,120.203739,0.781429
11471,3/4,9,46,48,46.83534,0.81946
11475,3/4,31,93.728121,109.730141,101.877186,4.71864
11476,3/4,13,99.546342,110.004419,105.542145,3.049412
11477,3/4,4,107.636694,111.458897,110.020948,1.65395
11478,3/4,94,111.826758,132.660016,119.594104,6.274638
11479,3/4,380,137.660379,152.771836,144.824193,4.046518
11480,3/4,18,137.87871,138.062513,137.964427,0.055414
11481,3/4,671,149.059333,171.23288,158.531178,6.044912
11482,3/4,62,143.753898,150.81606,147.237605,1.418777
11483,3/4,27,141.144969,144.728143,143.145892,0.979819
11484,3/4,43,144.017196,147.144842,145.723754,0.76958
11485,3/4,469,144.948828,152.443453,148.087145,1.663062
11486,3/4,42,156.600474,161.316181,158.590391,1.336894
11487,3/4,249,177.798924,194.050736,185.198235,3.809879
11488,3/4,47,180.455465,185.931453,183.976007,1.545096
11489,3/4,10,182.20462,183.995591,183.381263,0.501824
11490,3/4,3,184.22297,197.136537,190.8026,3.447178
11540,3/4,5,143.129938,144.768473,144.046643,0.497066
11544,3/4,62,117.456424,156.950302,130.18865,7.942052
11545,3/4,60,118.595631,122.858215,121.051287,1.173609
11559,3/4,2,54.022209,68.796722,60.635587,3.391007
11566,3/4,415,98.864571,134.744578,115.604392,8.978193
11568,3/4,241,126.920739,140.138096,134.887083,3.178626
11569,3/4,26,138.054845,146.380655,142.145764,2.445444
11570,3/4,1,147.732013,147.732013,147.732013,
11571,3/4,576,147.350049,161.342719,155.83025,3.163434
11572,3/4,28,149.138087,153.960479,151.157461,1.393525
11573,3/4,269,158.192976,176.29037,166.703742,4.472673
11574,3/4,356,147.560167,163.002921,154.303439,2.902237
11576,3/4,188,180.719092,191.757541,186.396472,2.956869
11577,3/4,225,177.015461,184.250927,180.628442,1.811077
11578,3/4,170,180.7338,190.350572,184.47865,2.211082
11579,3/4,42,186.236989,190.952345,188.658709,1.566898
11580,3/4,91,190.677656,211.554238,201.151651,5.04112
11646,3/4,120,124.275506,129.521654,127.399967,1.328499
11647,3/4,68,121.576807,125.113545,123.401771,0.873188
11668,3/4,82,107.163886,135.2928,122.850928,6.97606
11670,3/4,325,129.116837,163.095861,143.037504,8.571635
11671,3/4,62,142.481685,157.925319,149.601297,3.79657
11672,3/4,22,152.412751,154.156766,153.436808,0.451367
11673,3/4,2,149.352832,149.865598,149.609215,0.362581
11674,3/4,36,145.827645,149.47593,147.281199,1.167905
11675,3/4,1043,184.413966,202.829192,194.177208,3.580891
11676,3/4,665,170.02835,191.846235,182.388097,4.554313
11677,3/4,239,187.591269,206.124757,197.221466,4.92142
11678,3/4,17,190.516629,193.866935,192.180071,0.975385
11679,3/4,4,189.134999,197.507239,194.894775,2.092587
11680,3/4,2,190.557905,190.952364,190.755134,0.278925
11722,3/4,12,125.056586,126.505112,125.771853,0.442013
11746,3/4,52,129.571104,138.62416,134.918218,2.156581
11747,3/4,140,135.078757,152.46788,143.357846,3.655236
11748,3/4,150,153.13174,171.260338,161.316928,4.265265
11749,3/4,42,152.006547,161.250034,156.965884,3.123525
11750,3/4,29,167.546364,171.256477,169.638667,1.019432
11752,3/4,39,175.042999,178.18474,176.182229,0.774947
11753,3/4,513,156.183821,177.884011,166.655116,5.490053
11754,3/4,43,191.478032,196.103975,194.11426,1.12289
11755,3/4,6,191.932984,192.951709,192.488013,0.40006
11756,3/4,25,187.808481,190.517232,188.958907,0.723883
11757,3/4,36,185.986173,190.045127,187.451875,0.894049
11842,3/4,81,146.806532,154.683411,150.659483,1.793513
11843,3/4,250,156.4357,193.322311,173.94837,8.464514
11844,3/4,63,160.226729,175.885848,168.371393,4.039429
11845,3/4,5,166.478191,168.538053,167.593679,0.881156
11846,3/4,592,158.925524,177.622282,167.614752,4.166622
11847,3/4,13,190.930923,192.5013,191.653403,0.529695
11848,3/4,20,179.367555,192.131887,184.898445,4.183026
11849,3/4,207,163.467345,192.543589,176.079099,7.506772
11850,3/4,132,181.245301,200.785412,191.261564,4.918854
11851,3/4,543,197.478862,222.461697,208.678647,5.897045
11852,3/4,27,198.065247,201.890516,200.140099,0.950821
11943,3/4,817,149.807644,196.804326,178.657013,11.987558
11944,3/4,133,151.789079,162.752465,156.430646,2.779549
11945,3/4,15,164.558959,167.739272,166.184281,0.900951
11946,3/4,57,158.440974,164.962415,161.537828,1.747115
11947,3/4,10,172.437888,178.614295,175.660903,1.935366
11948,3/4,32,154.284753,156.608646,155.047056,0.541009
11949,3/4,31,171.328867,173.531899,172.291221,0.579872
11950,3/4,2,172.225489,172.817362,172.521426,0.418517
11951,3/4,97,170.118215,183.768464,178.148888,3.886161
11952,3/4,175,192.72339,215.720683,202.795897,4.98212
12041,3/4,33,152.328045,156.470663,154.434822,1.160572
12042,3/4,47,153.091824,157.614102,155.495829,1.129487
12043,3/4,12,157.5742,158.949648,158.324578,0.444096
12044,3/4,55,168.970365,176.047252,172.883587,2.408438
12045,3/4,35,180.014115,183.185264,182.299132,0.659551
12046,3/4,3,181.739429,191.766242,185.097631,5.775236
12047,3/4,71,182.416741,202.732634,194.443842,5.229361
12048,3/4,28,209.807897,213.469909,211.341314,0.93193
12093,3/4,86,42.998291,52.784185,50.500628,1.640012
12114,3/4,1,156.64587,156.64587,156.64587,
12115,3/4,4,157.628362,160.077177,159.132847,1.089398
12116,3/4,50,183.162328,190.592839,187.470463,2.368497
12117,3/4,91,197.292159,218.050564,207.329501,5.152518
12186,3/4,2,157.807309,158.475632,158.14147,0.472576
12187,3/4,131,195.503148,203.730494,200.621398,1.742883
12189,3/4,52,202.004903,207.431617,204.819485,1.321002
12190,3/4,2,207.190697,218.739912,214.658703,3.294728
12227,3/4,146,38.090729,48.866429,42.787787,2.593273
12248,3/4,41,196.843245,202.952552,200.669238,1.845726
12249,3/4,6,195.750542,197.45421,196.492609,0.664366
12250,3/4,386,206.878595,225.885361,214.866106,4.420539
12251,3/4,213,188.676003,226.109241,205.956076,10.116115
12318,3/4,156,160.956296,184.504137,174.222226,5.948283
12321,3/4,93,208.477624,215.015391,212.205986,1.675406
12389,3/4,7,183.130431,189.017057,186.411747,1.22268
12392,3/4,75,215.871404,219.990885,218.191125,1.033396
14027,3/4,1841,18.98002,63,33.198497,15.030398
14028,3/4,202,53.900047,65,60.595824,2.594759
14043,3/4,1764,31.730318,34.011647,32.334399,0.296145
14044,3/4,22,28.63478,29.295077,28.949896,0.183188
14045,3/4,21,27.537091,28.363265,28.101527,0.267167
14046,3/4,43,33.740874,35.514789,34.617605,0.468065
14047,3/4,3,28.557585,28.633534,28.607802,0.043494
14048,3/4,40,25.796368,26.897838,26.338064,0.268507
14049,3/4,35,26.915934,27.297144,27.121701,0.102201
14050,3/4,30,43.175672,44.64056,43.890247,0.392437
14052,3/4,21,28.361943,28.757456,28.536462,0.112567
14053,3/4,31,37.68657,39.865466,38.95169,0.647852
14054,3/4,6,27.02158,27.229604,27.122941,0.073882
14055,3/4,22,28.390057,28.883852,28.645626,0.143852
14056,3/4,21,29.198316,29.916589,29.495549,0.243193
14057,3/4,33,32.264594,33.102567,32.579871,0.217223
14058,3/4,27,28.071715,28.579239,28.316024,0.137577
14059,3/4,32,36.943642,39.276951,37.7461,0.545949
14066,3/4,6,52.974204,53.552655,53.412286,0.217493
14068,3/4,34,65.028849,66.450955,65.865975,0.374847
14072,3/4,21,43.068738,43.446286,43.203976,0.106756
14076,3/4,28,31.122979,31.879102,31.488543,0.178679
14077,3/4,24,35.853891,36.892645,36.372978,0.289363
14078,3/4,27,74.517689,77.474134,76.057578,0.907678
14080,3/4,21,36.820885,37.025636,36.922299,0.078153
14082,3/4,27,46.538814,48.99921,48.211767,0.840185
14083,3/4,10,49.65173,50.187714,49.94569,0.176801
14084,3/4,54,86.369348,89.563737,87.15695,1.027696
14085,3/4,42,86.316023,89.697172,87.128473,1.152877
14086,3/4,28,83.321713,87.368215,85.512578,0.817674
14090,3/4,6,90.730938,91.107923,90.858206,0.157946
14093,3/4,10,99.529579,102.411578,100.968199,1.083773
14094,3/4,34,101.838224,106.794867,104.964514,1.390139
14096,3/4,66,86.183408,108.021101,102.884168,5.132742
14097,3/4,2,107.882129,108.146553,108.014341,0.186976
14098,3/4,30,108.46325,113.116733,110.679269,1.43254
14101,3/4,23,52.621274,57.694541,56.261472,1.524625
14102,3/4,5,113.46077,113.86871,113.630913,0.16184
14104,3/4,46,52.232668,53.574801,52.771559,0.347947
14106,3/4,20,38.300383,39.73879,38.951925,0.407861
14110,3/4,138,115.143903,122.20646,118.120522,1.494636
14111,3/4,1,57.003885,57.003885,57.003885,
14112,3/4,24,56.729532,63.713312,61.422957,2.02241
14116,3/4,51,115.857566,119.052471,116.912343,0.922603
14117,3/4,37,54.982655,56.301028,55.810512,0.365066
14118,3/4,3,55.056435,55.711305,55.329703,0.340611
14126,3/4,22,71.076904,74.595757,72.850192,1.037668
14129,3/4,111,117.718332,126.553595,122.654687,2.176159
14130,3/4,46,42.138192,50.273891,47.473204,2.6414
14131,3/4,47,42.809733,47.318633,46.08428,1.306236
14132,3/4,25,63.009246,69.406648,66.670154,2.083755
14133,3/4,42,42.866685,48.522906,46.164897,2.071849
14134,3/4,38,70.677396,75.416888,72.925426,1.369784
14135,3/4,20,131.406462,135.373612,133.543137,1.150645
14136,3/4,40,134.249316,138.208592,136.089168,1.005498
14137,3/4,39,128.867762,132.224141,130.312038,0.899927
14138,3/4,15,131.265254,132.807266,132.105937,0.474205
14139,3/4,34,46.964736,48.752367,48.030555,0.522246
14140,3/4,44,48.422049,49.57903,48.766113,0.268969
14142,3/4,6,53.804497,54.247221,54.105826,0.166789
14143,3/4,10,131.440384,132.206026,131.78134,0.226587
14144,3/4,27,130.657337,133.005321,131.650571,0.733928
14147,3/4,6,142.174081,143.131078,142.65258,0.331662
14148,3/4,6,140.640459,141.603409,141.121934,0.347823
14149,3/4,6,139.238781,140.691099,139.947994,0.509687
14150,3/4,110,135.807745,148.85351,139.881396,3.463452
14151,3/4,40,129.739804,133.785577,131.997957,1.210368
14154,3/4,35,49.053782,51.398209,50.264862,0.642792
14156,3/4,47,51.320035,52.591024,51.846477,0.299603
14158,3/4,63,57.388821,59.147708,58.604288,0.370493
14159,3/4,4,143.771084,144.329861,144.015481,0.238578
14161,3/4,35,142.716943,147.366362,145.649379,1.498613
14162,3/4,36,156.743258,161.6325,159.273334,1.277892
14163,3/4,35,150.068629,156.424691,153.184331,1.815034
14164,3/4,29,156.387637,159.636152,157.83149,0.896191
14172,3/4,43,200.565343,206.684594,203.079592,1.684156
14173,3/4,46,183.038451,187.374632,184.734149,1.028923
14175,3/4,304,202.712959,216.338445,209.221376,3.325097
14176,3/4,17,172.884364,174.563214,173.855948,0.424638
14177,3/4,5,211.042579,211.743824,211.371725,0.262755
14178,3/4,41,211.612992,216.757761,213.841219,1.484958
14179,3/4,5,185.327287,185.764178,185.530832,0.188936
